axis1,axis2,axis3,axis4,axis5,axis6,axis7,axis8,time
0.0,0.0,0.0,0.0,0.0,0.0,0.0,0.0,2022-10-17 12:18:23.660000+00:00
0.0,0.0,0.0,0.0,0.0,0.0,0.0,0.0,2022-10-17 12:18:25.472000+00:00
0.0,0.0,0.0,0.0,0.0,0.0,0.0,0.0,2022-10-17 12:18:27.348000+00:00
0.0,0.0,0.0,0.0,0.0,0.0,0.0,0.0,2022-10-17 12:18:29.222000+00:00
0.0,0.0,0.0,0.0,0.0,0.0,0.0,0.0,2022-10-17 12:18:31.117000+00:00
0.0,0.0,0.0,0.0,0.0,0.0,0.0,0.0,2022-10-17 12:18:32.964000+00:00
0.0,0.0,0.0,0.0,0.0,0.0,0.0,0.0,2022-10-17 12:18:34.894000+00:00
0.0,0.0,0.0,0.0,0.0,0.0,0.0,0.0,2022-10-17 12:18:36.782000+00:00
0.0,0.0,0.0,0.0,0.0,0.0,0.0,0.0,2022-10-17 12:18:38.708000+00:00
0.0,0.0,0.0,0.0,0.0,0.0,0.0,0.0,2022-10-17 12:18:40.529000+00:00
0.0,0.0,0.0,0.0,0.0,0.0,0.0,0.0,2022-10-17 12:18:42.456000+00:00
0.0,0.0,0.0,0.0,0.0,0.0,0.0,0.0,2022-10-17 12:18:44.383000+00:00
0.0,0.0,0.0,0.0,0.0,0.0,0.0,0.0,2022-10-17 12:18:46.247000+00:00
0.0,0.0,0.0,0.0,0.0,0.0,0.0,0.0,2022-10-17 12:18:48.128000+00:00
0.0,0.0,0.0,0.0,0.0,0.0,0.0,0.0,2022-10-17 12:18:49.999000+00:00
0.0,0.0,0.0,0.0,0.0,0.0,0.0,0.0,2022-10-17 12:18:51.864000+00:00
0.0,0.0,0.0,0.0,0.0,0.0,0.0,0.0,2022-10-17 12:18:53.706000+00:00
0.0,0.0,0.0,0.0,0.0,0.0,0.0,0.0,2022-10-17 12:18:55.575000+00:00
0.0,0.0,0.0,0.0,0.0,0.0,0.0,0.0,2022-10-17 12:18:57.492000+00:00
0.0,0.0,0.0,0.0,0.0,0.0,0.0,0.0,2022-10-17 12:18:59.409000+00:00
0.0,0.0,0.0,0.0,0.0,0.0,0.0,0.0,2022-10-17 12:19:01.276000+00:00
0.0,0.0,0.0,0.0,0.0,0.0,0.0,0.0,2022-10-17 12:19:03.182000+00:00
0.0,0.0,0.0,0.0,0.0,0.0,0.0,0.0,2022-10-17 12:19:05.108000+00:00
0.0,0.0,0.0,0.0,0.0,0.0,0.0,0.0,2022-10-17 12:19:06.996000+00:00
0.0,0.0,0.0,0.0,0.0,0.0,0.0,0.0,2022-10-17 12:19:08.847000+00:00
0.0,0.0,0.0,0.0,0.0,0.0,0.0,0.0,2022-10-17 12:19:10.701000+00:00
0.0,0.0,0.0,0.0,0.0,0.0,0.0,0.0,2022-10-17 12:19:12.568000+00:00
0.0,0.0,0.0,0.0,0.0,0.0,0.0,0.0,2022-10-17 12:19:14.427000+00:00
0.0,0.0,0.0,0.0,0.0,0.0,0.0,0.0,2022-10-17 12:19:16.386000+00:00
0.0,0.0,0.0,0.0,0.0,0.0,0.0,0.0,2022-10-17 12:19:18.218000+00:00
0.33876,2.89931,4.32261,0.10324,0.61943,0.542,3.87537,0.01962,2022-10-17 12:19:20.136000+00:00
7.37465,29.94201,16.81602,5.34255,6.3233,4.92959,0.46504,0.07848,2022-10-17 12:19:22.005000+00:00
0.443,11.22826,3.47918,2.11637,4.43922,4.61988,4.01847,0.13734,2022-10-17 12:19:27.952000+00:00
1.79806,20.13706,10.54296,1.67761,4.05208,0.85171,0.19079,0.21582,2022-10-17 12:19:29.911000+00:00
4.45606,1.7923,4.53347,0.56781,0.61943,1.03238,0.14309,0.21582,2022-10-17 12:19:31.969000+00:00
0.23453,12.33527,2.95203,1.05819,1.70342,1.34209,0.08347,0.21582,2022-10-17 12:19:33.946000+00:00
0.15635,8.75066,1.26516,0.05162,0.05162,0.20648,8.06078,0.21582,2022-10-17 12:19:35.905000+00:00
0.28665,10.91197,5.95677,0.542,0.12905,0.92914,0.3935,0.21582,2022-10-17 12:19:37.918000+00:00
1.43324,4.79705,1.7923,1.96151,1.03238,0.12905,7.50034,0.25506,2022-10-17 12:19:39.841000+00:00
4.06518,7.32736,10.06853,2.89065,5.34255,0.12905,0.22656,0.25506,2022-10-17 12:19:41.758000+00:00
0.52118,4.84976,37.42752,2.89065,0.15486,8.72358,0.11924,0.21582,2022-10-17 12:19:43.676000+00:00
4.45606,6.69478,23.87981,0.18067,0.12905,6.29749,0.19079,1.2753,2022-10-17 12:19:45.594000+00:00
0.13029,4.32261,6.27306,0.25809,0.77428,0.15486,1.65747,1.53036,2022-10-17 12:19:47.370000+00:00
0.15635,4.2699,18.60833,5.00702,1.72923,3.8456,0.72738,0.11772,2022-10-17 12:19:49.533000+00:00
0.23453,3.9009,6.90564,0.77428,0.77428,0.77428,0.0,0.0,2022-10-17 12:19:51.451000+00:00
0.0,0.0,0.0,0.0,0.0,0.0,0.0,0.0,2022-10-17 12:19:53.269000+00:00
0.0,0.0,0.0,0.0,0.0,0.0,0.0,0.0,2022-10-17 12:19:55.136000+00:00
0.0,0.0,0.0,0.0,0.0,0.0,0.0,0.0,2022-10-17 12:19:57.023000+00:00
0.0,0.0,0.0,0.0,0.0,0.0,0.0,0.0,2022-10-17 12:19:58.942000+00:00
0.0,0.0,0.0,0.0,0.0,0.0,0.0,0.0,2022-10-17 12:20:00.883000+00:00
0.0,0.0,0.0,0.0,0.0,0.0,0.0,0.0,2022-10-17 12:20:02.705000+00:00
0.0,0.0,0.0,0.0,0.0,0.0,0.0,0.0,2022-10-17 12:20:04.512000+00:00
0.0,0.0,0.0,0.0,0.0,0.0,0.0,0.0,2022-10-17 12:20:06.394000+00:00
0.0,0.0,0.0,0.0,0.0,0.0,0.0,0.0,2022-10-17 12:20:08.236000+00:00
0.0,0.0,0.0,0.0,0.0,0.0,0.0,0.0,2022-10-17 12:20:10.206000+00:00
0.0,0.0,0.0,0.0,0.0,0.0,0.0,0.0,2022-10-17 12:20:12.063000+00:00
0.0,0.0,0.0,0.0,0.0,0.0,0.0,0.0,2022-10-17 12:20:13.972000+00:00
0.0,0.0,0.0,0.0,0.0,0.0,0.0,0.0,2022-10-17 12:20:15.839000+00:00
0.0,0.0,0.0,0.0,0.0,0.0,0.0,0.0,2022-10-17 12:20:17.673000+00:00
0.0,0.0,0.0,0.0,0.0,0.0,0.0,0.0,2022-10-17 12:20:19.550000+00:00
0.0,0.0,0.0,0.0,0.0,0.0,0.0,0.0,2022-10-17 12:20:21.408000+00:00
0.0,0.0,0.0,0.0,0.0,0.0,0.0,0.0,2022-10-17 12:20:23.317000+00:00
0.0,0.0,0.0,0.0,0.0,0.0,0.0,0.0,2022-10-17 12:20:25.183000+00:00
0.0,0.0,0.0,0.0,0.0,0.0,0.0,0.0,2022-10-17 12:20:27.089000+00:00
0.0,0.0,0.0,0.0,0.0,0.0,0.0,0.0,2022-10-17 12:20:32.470000+00:00
0.0,0.0,0.0,0.0,0.0,0.0,0.0,0.0,2022-10-17 12:20:34.327000+00:00
0.0,0.0,0.0,0.0,0.0,0.0,0.0,0.0,2022-10-17 12:20:36.184000+00:00
0.0,0.0,0.0,0.0,0.0,0.0,0.0,0.0,2022-10-17 12:20:38.049000+00:00
0.0,0.0,0.0,0.0,0.0,0.0,0.0,0.0,2022-10-17 12:20:39.971000+00:00
0.0,0.0,0.0,0.0,0.0,0.0,0.0,0.0,2022-10-17 12:20:41.836000+00:00
0.0,0.0,0.0,0.0,0.0,0.0,0.0,0.0,2022-10-17 12:20:43.666000+00:00
0.0,0.0,0.0,0.0,0.0,0.0,0.0,0.0,2022-10-17 12:20:45.519000+00:00
0.0,0.0,0.0,0.0,0.0,0.0,0.0,0.0,2022-10-17 12:20:47.375000+00:00
0.0,0.0,0.0,0.0,0.0,0.0,0.0,0.0,2022-10-17 12:20:49.205000+00:00
0.0,0.0,0.0,0.0,0.0,0.0,0.0,0.0,2022-10-17 12:20:51.065000+00:00
0.0,0.0,0.0,0.0,0.0,0.0,0.0,0.0,2022-10-17 12:20:52.925000+00:00
0.0,0.0,6.69478,0.74847,0.92914,0.36133,0.01192,0.03924,2022-10-17 12:20:54.865000+00:00
9.01636,1.15973,24.03795,3.3036,2.83903,0.67104,0.03577,0.03924,2022-10-17 12:20:56.771000+00:00
0.18241,3.47918,5.6932,2.70999,5.4974,3.09713,3.8396,0.0981,2022-10-17 12:20:58.617000+00:00
4.1173,6.69478,6.11492,0.92914,3.87141,0.30971,8.09655,0.13734,2022-10-17 12:21:00.545000+00:00
0.02606,11.22826,3.84818,0.542,4.59407,0.51619,0.11924,0.13734,2022-10-17 12:21:02.482000+00:00
1.58959,4.84976,2.8466,1.9357,5.23931,2.24542,0.15501,0.15696,2022-10-17 12:21:04.350000+00:00
3.17918,0.31629,12.54613,0.51619,1.75504,12.77565,0.31003,0.17658,2022-10-17 12:21:06.267000+00:00
2.60588,14.81286,8.75066,1.18723,1.05819,1.13561,1.49053,0.15696,2022-10-17 12:21:08.226000+00:00
0.18241,24.5651,15.07644,0.69685,0.8259,0.80009,8.06078,0.1962,2022-10-17 12:21:10.111000+00:00
0.62541,11.96626,6.80021,0.18067,0.23228,0.23228,2.17021,0.21582,2022-10-17 12:21:12.097000+00:00
1.56353,9.22509,25.25039,4.49084,1.31628,0.30971,1.5263,0.21582,2022-10-17 12:21:14.064000+00:00
0.28665,20.50606,5.11334,0.90333,0.05162,0.05162,7.50034,0.1962,2022-10-17 12:21:15.939000+00:00
2.76224,11.07011,20.45335,2.96808,0.64523,0.05162,7.51226,0.1962,2022-10-17 12:21:17.794000+00:00
3.28341,9.22509,18.39747,0.18067,0.74847,5.85873,0.16694,0.21582,2022-10-17 12:21:19.662000+00:00
0.59935,4.00633,10.06853,1.03238,1.1098,1.34209,0.08347,1.23606,2022-10-17 12:21:21.589000+00:00
0.13029,4.00633,6.22035,1.83247,1.21304,0.98076,2.95721,1.41264,2022-10-17 12:21:23.567000+00:00
0.10424,7.74908,21.08593,3.3036,1.6518,4.46503,0.72738,0.13734,2022-10-17 12:21:25.385000+00:00
0.23453,3.84818,6.7475,0.72266,0.74847,0.77428,0.0,0.0,2022-10-17 12:21:27.301000+00:00
0.0,0.0,0.0,0.0,0.0,0.0,0.0,0.0,2022-10-17 12:21:29.175000+00:00
0.0,0.0,0.0,0.0,0.0,0.0,0.0,0.0,2022-10-17 12:21:31.056000+00:00
0.0,0.0,0.0,0.0,0.0,0.0,0.0,0.0,2022-10-17 12:21:37.096000+00:00
0.0,0.0,0.0,0.0,0.0,0.0,0.0,0.0,2022-10-17 12:21:38.960000+00:00
0.0,0.0,0.0,0.0,0.0,0.0,0.0,0.0,2022-10-17 12:21:40.797000+00:00
0.0,0.0,0.0,0.0,0.0,0.0,0.0,0.0,2022-10-17 12:21:42.642000+00:00
0.0,0.0,0.0,0.0,0.74847,0.64523,0.03577,0.0981,2022-10-17 12:21:44.580000+00:00
2.16288,1.95045,11.54454,3.40684,4.1295,1.03238,0.09539,0.05886,2022-10-17 12:21:46.588000+00:00
3.17918,20.87507,18.02847,4.23274,1.47114,2.94227,2.87374,0.05886,2022-10-17 12:21:48.517000+00:00
2.44953,7.06379,6.58935,1.52275,5.36835,0.20648,8.09655,0.0981,2022-10-17 12:21:50.426000+00:00
0.0,11.17554,3.9009,0.95495,4.10369,2.70999,1.82441,0.07848,2022-10-17 12:21:52.275000+00:00
0.0,12.4407,0.73801,0.72266,8.43967,0.02581,0.16694,0.07848,2022-10-17 12:21:54.171000+00:00
4.35182,0.10543,12.96784,0.20648,4.54245,1.00657,0.28618,0.05886,2022-10-17 12:21:56.089000+00:00
2.78829,28.57143,8.01265,1.13561,8.64615,0.98076,2.62333,0.05886,2022-10-17 12:21:58.037000+00:00
0.75571,2.95203,8.11808,2.89065,3.66493,0.10324,2.00327,0.05886,2022-10-17 12:21:59.925000+00:00
0.41694,12.8097,6.69478,0.0,0.0,0.2839,8.0727,0.07848,2022-10-17 12:22:01.847000+00:00
0.26059,10.96468,3.84818,0.51619,0.69685,2.06475,0.27426,0.05886,2022-10-17 12:22:03.761000+00:00
5.13359,13.44228,5.6932,1.21304,0.15486,0.0,7.50034,0.05886,2022-10-17 12:22:05.774000+00:00
6.61894,10.64839,14.18028,3.09713,0.12905,0.46457,7.51226,0.05886,2022-10-17 12:22:07.779000+00:00
3.30947,23.93253,10.91197,1.18723,0.41295,5.96197,0.16694,0.0981,2022-10-17 12:22:09.717000+00:00
0.91206,14.97101,20.40063,5.34255,5.29093,1.60018,0.10732,1.19682,2022-10-17 12:22:11.643000+00:00
0.05212,3.58461,5.79863,1.00657,1.3679,2.16799,1.39513,1.2753,2022-10-17 12:22:13.592000+00:00
3.62218,12.70427,9.9631,1.16142,0.80009,0.80009,0.79892,0.15696,2022-10-17 12:22:15.469000+00:00
0.23453,3.95361,6.69478,0.72266,0.0,0.0,0.0,0.0,2022-10-17 12:22:17.347000+00:00
0.0,0.0,0.0,0.0,0.0,0.0,0.0,0.0,2022-10-17 12:22:19.206000+00:00
0.0,0.0,0.0,0.0,0.0,0.0,0.0,0.0,2022-10-17 12:22:21.050000+00:00
0.0,0.0,0.0,0.0,0.0,0.0,0.0,0.0,2022-10-17 12:22:22.971000+00:00
0.0,0.0,0.0,0.0,0.0,0.0,0.0,0.0,2022-10-17 12:22:24.769000+00:00
0.0,0.0,0.0,0.0,0.0,0.0,0.0,0.0,2022-10-17 12:22:26.706000+00:00
0.0,0.0,0.0,0.0,0.0,0.0,0.0,0.0,2022-10-17 12:22:28.576000+00:00
0.0,0.0,0.0,0.0,0.0,0.0,0.0,0.0,2022-10-17 12:22:30.550000+00:00
0.0,0.0,0.0,0.0,0.0,0.0,0.0,0.0,2022-10-17 12:22:32.424000+00:00
0.0,0.0,0.0,0.0,0.0,0.0,0.0,0.0,2022-10-17 12:22:34.362000+00:00
0.0,0.0,0.0,0.0,0.0,0.0,0.0,0.0,2022-10-17 12:22:36.188000+00:00
0.0,0.0,0.0,0.0,0.0,0.0,0.0,0.0,2022-10-17 12:22:41.469000+00:00
0.13029,11.0174,7.59093,0.36133,1.6518,1.13561,0.0477,0.0981,2022-10-17 12:22:43.327000+00:00
12.01312,9.01423,6.80021,12.18204,5.80711,0.61943,0.46504,0.0981,2022-10-17 12:22:45.266000+00:00
0.28665,13.28413,3.53189,0.15486,4.80055,0.33552,8.10848,0.0981,2022-10-17 12:22:47.165000+00:00
0.443,11.17554,6.95836,5.47159,6.68463,0.05162,8.10848,0.0981,2022-10-17 12:22:49.124000+00:00
0.52118,11.17554,3.58461,0.41295,4.49084,0.05162,1.49053,0.0981,2022-10-17 12:22:51.121000+00:00
2.08471,25.93569,3.79547,9.98824,3.69074,1.1098,0.11924,0.0981,2022-10-17 12:22:53.033000+00:00
2.91859,10.85925,14.76015,0.85171,1.70342,2.24542,0.3935,0.07848,2022-10-17 12:22:54.987000+00:00
0.20847,13.28413,6.95836,0.12905,0.56781,0.80009,8.0727,0.07848,2022-10-17 12:22:56.878000+00:00
0.26059,11.96626,6.48392,0.30971,0.61943,0.8259,0.87047,0.07848,2022-10-17 12:22:58.830000+00:00
0.41694,12.28255,6.85293,0.15486,0.59362,0.43876,8.0727,0.07848,2022-10-17 12:23:00.758000+00:00
0.20847,11.0174,7.01107,2.24542,0.85171,0.67104,0.25041,0.07848,2022-10-17 12:23:02.680000+00:00
0.39088,9.80496,22.7728,1.21304,2.27123,1.67761,0.13117,0.07848,2022-10-17 12:23:04.569000+00:00
0.20847,11.0174,0.21086,2.1938,2.06475,1.62599,3.4461,0.07848,2022-10-17 12:23:06.437000+00:00
22.12395,0.31629,8.80337,0.61943,0.77428,0.67104,0.58429,0.07848,2022-10-17 12:23:08.315000+00:00
0.18241,6.16763,5.21877,0.51619,1.13561,0.49038,3.5415,4.04173,2022-10-17 12:23:10.253000+00:00
6.3323,0.42172,6.58935,0.18067,1.6518,0.0,3.11222,0.15696,2022-10-17 12:23:12.206000+00:00
0.28665,4.05904,6.7475,0.74847,0.77428,0.77428,0.59621,0.11772,2022-10-17 12:23:14.081000+00:00
0.0,0.0,0.0,0.0,0.0,0.0,0.0,0.0,2022-10-17 12:23:15.970000+00:00
0.0,0.0,0.0,0.0,0.0,0.0,0.0,0.0,2022-10-17 12:23:17.894000+00:00
0.0,0.0,0.0,0.0,0.0,0.0,0.0,0.0,2022-10-17 12:23:19.846000+00:00
0.0,0.0,0.0,0.0,0.0,0.0,0.0,0.0,2022-10-17 12:23:21.717000+00:00
0.0,0.0,0.0,0.0,0.0,0.0,0.0,0.0,2022-10-17 12:23:23.581000+00:00
0.0,0.0,0.0,0.0,0.0,0.0,0.0,0.0,2022-10-17 12:23:25.381000+00:00
0.0,0.0,0.0,0.0,0.0,0.0,0.0,0.0,2022-10-17 12:23:27.297000+00:00
0.0,0.0,0.0,0.0,0.0,0.0,0.0,0.0,2022-10-17 12:23:29.206000+00:00
0.0,0.0,0.0,0.0,0.0,0.0,0.0,0.0,2022-10-17 12:23:31.072000+00:00
0.0,0.0,0.0,0.0,0.0,0.0,0.0,0.0,2022-10-17 12:23:32.877000+00:00
0.0,0.0,0.0,0.0,0.0,0.0,0.0,0.0,2022-10-17 12:23:34.847000+00:00
0.0,0.0,0.0,0.0,0.0,0.0,0.0,0.0,2022-10-17 12:23:36.753000+00:00
0.0,0.0,0.0,0.0,0.0,0.0,0.0,0.0,2022-10-17 12:23:38.674000+00:00
0.0,0.0,0.0,0.0,0.0,0.0,0.0,0.0,2022-10-17 12:23:40.538000+00:00
0.0,0.0,0.0,0.0,0.0,0.0,0.0,0.0,2022-10-17 12:23:46.002000+00:00
0.57329,6.58935,7.27464,1.1098,0.69685,1.80666,0.52467,0.0981,2022-10-17 12:23:47.871000+00:00
7.29647,23.93253,2.53031,7.82025,10.11728,0.74847,0.51274,0.0981,2022-10-17 12:23:49.839000+00:00
0.886,11.49183,3.2156,0.25809,5.13607,1.96151,1.06126,0.07848,2022-10-17 12:23:51.706000+00:00
5.08147,3.47918,4.05904,1.70342,3.81979,0.80009,8.09655,0.07848,2022-10-17 12:23:53.624000+00:00
0.443,11.22826,3.58461,2.40027,4.05208,3.27779,0.67968,0.07848,2022-10-17 12:23:55.531000+00:00
2.37135,10.17396,6.11492,9.70433,5.29093,0.74847,0.16694,0.0981,2022-10-17 12:23:57.450000+00:00
5.81112,0.369,9.80496,1.39371,0.02581,0.92914,0.22656,0.0981,2022-10-17 12:23:59.419000+00:00
0.28665,12.12441,6.7475,0.07743,2.24542,0.80009,0.29811,0.0981,2022-10-17 12:24:01.339000+00:00
0.28665,19.60991,7.38007,0.51619,1.21304,0.12905,8.06078,0.0981,2022-10-17 12:24:03.237000+00:00
0.26059,11.28097,6.37849,0.25809,0.56781,0.38714,1.90788,0.0981,2022-10-17 12:24:05.196000+00:00
0.28665,11.12283,6.80021,2.09056,1.9357,1.13561,1.14473,0.07848,2022-10-17 12:24:07.106000+00:00
2.42347,3.00474,12.86241,4.98121,2.70999,1.57437,0.4412,0.07848,2022-10-17 12:24:08.960000+00:00
0.78176,10.38482,1.00158,2.50351,0.74847,1.26466,0.19079,0.05886,2022-10-17 12:24:10.929000+00:00
2.03259,8.06537,5.21877,0.90333,10.14309,1.29047,0.21464,1.00062,2022-10-17 12:24:12.837000+00:00
0.02606,4.11176,5.95677,0.43876,0.95495,0.20648,5.09165,4.63033,2022-10-17 12:24:14.805000+00:00
0.07818,4.00633,6.95836,0.0,1.62599,0.02581,3.61304,0.13734,2022-10-17 12:24:16.701000+00:00
0.31271,4.05904,6.80021,0.69685,0.74847,0.80009,0.53659,0.13734,2022-10-17 12:24:18.559000+00:00
0.0,0.0,0.0,0.0,0.0,0.0,0.0,0.0,2022-10-17 12:24:20.417000+00:00
0.0,0.0,0.0,0.0,0.0,0.0,0.0,0.0,2022-10-17 12:24:22.332000+00:00
0.0,0.0,0.0,0.0,0.0,0.0,0.0,0.0,2022-10-17 12:24:24.207000+00:00
0.0,0.0,0.0,0.0,0.0,0.0,0.0,0.0,2022-10-17 12:24:26.070000+00:00
0.0,0.0,0.0,0.0,0.0,0.0,0.0,0.0,2022-10-17 12:24:28.019000+00:00
0.0,0.0,0.0,0.0,0.0,0.0,0.0,0.0,2022-10-17 12:24:29.894000+00:00
0.0,0.0,0.0,0.0,0.0,0.0,0.0,0.0,2022-10-17 12:24:31.801000+00:00
0.0,0.0,0.0,0.0,0.0,0.0,0.0,0.0,2022-10-17 12:24:33.707000+00:00
0.0,0.0,0.0,0.0,0.0,0.0,0.0,0.0,2022-10-17 12:24:35.607000+00:00
0.443,4.42804,3.32103,0.25809,0.98076,11.04642,0.11924,0.11772,2022-10-17 12:24:37.566000+00:00
7.68736,9.80496,7.85451,10.1689,1.96151,6.27168,0.47697,0.13734,2022-10-17 12:24:39.488000+00:00
0.28665,10.54296,0.52715,0.67104,4.98121,0.2839,8.10848,0.11772,2022-10-17 12:24:41.330000+00:00
0.41694,11.12283,3.11017,2.89065,2.45189,0.67104,0.21464,0.11772,2022-10-17 12:24:43.277000+00:00
0.39088,11.33368,3.53189,0.46457,4.49084,0.07743,0.11924,0.11772,2022-10-17 12:24:45.247000+00:00
1.61565,18.1339,6.64207,0.12905,0.74847,0.90333,8.0727,0.11772,2022-10-17 12:24:51.041000+00:00
0.28665,11.96626,6.43121,0.33552,1.23885,0.77428,1.46668,0.11772,2022-10-17 12:24:53.020000+00:00
4.19547,8.48709,2.21402,0.46457,0.61943,0.46457,8.0727,0.11772,2022-10-17 12:24:54.888000+00:00
1.43324,11.0174,7.1165,2.1938,0.85171,0.10324,0.71545,0.11772,2022-10-17 12:24:56.856000+00:00
0.10424,7.32736,10.70111,0.98076,2.14218,0.30971,0.22656,0.11772,2022-10-17 12:24:58.805000+00:00
0.39088,11.43911,6.48392,1.80666,0.2839,1.85828,3.87537,0.11772,2022-10-17 12:25:00.773000+00:00
22.07183,2.05588,8.38166,4.33598,0.92914,1.1098,0.46504,0.11772,2022-10-17 12:25:02.642000+00:00
1.92835,5.6932,5.6932,0.43876,1.05819,0.51619,5.05587,3.98287,2022-10-17 12:25:04.558000+00:00
5.57659,0.05271,7.06379,0.67104,1.75504,0.05162,3.12415,0.1962,2022-10-17 12:25:06.428000+00:00
0.31271,4.00633,6.85293,0.80009,0.77428,0.80009,0.67968,0.15696,2022-10-17 12:25:08.276000+00:00
0.0,0.0,0.0,0.0,0.0,0.0,0.0,0.0,2022-10-17 12:25:10.152000+00:00
0.0,0.0,0.0,0.0,0.0,0.0,0.0,0.0,2022-10-17 12:25:11.977000+00:00
0.0,0.0,0.0,0.0,0.0,0.0,0.0,0.0,2022-10-17 12:25:13.807000+00:00
0.0,0.0,0.0,0.0,0.0,0.0,0.0,0.0,2022-10-17 12:25:15.726000+00:00
0.0,0.0,0.0,0.0,0.0,0.0,0.0,0.0,2022-10-17 12:25:17.551000+00:00
0.0,0.0,0.0,0.0,0.0,0.0,0.0,0.0,2022-10-17 12:25:19.433000+00:00
0.0,0.0,0.0,0.0,0.0,0.0,0.0,0.0,2022-10-17 12:25:21.293000+00:00
0.0,0.0,0.0,0.0,0.0,0.0,0.0,0.0,2022-10-17 12:25:23.293000+00:00
0.0,0.0,0.0,0.0,0.0,0.0,0.0,0.0,2022-10-17 12:25:25.210000+00:00
0.0,0.0,0.0,0.0,0.0,0.0,0.0,0.0,2022-10-17 12:25:27.127000+00:00
0.0,0.0,0.0,0.0,0.0,0.0,0.0,0.0,2022-10-17 12:25:28.966000+00:00
0.0,0.0,0.0,0.0,0.0,0.0,0.0,0.0,2022-10-17 12:25:30.735000+00:00
0.0,0.0,0.0,0.0,0.0,0.0,0.0,0.0,2022-10-17 12:25:32.646000+00:00
0.0,0.0,0.0,0.0,0.0,0.0,0.0,0.0,2022-10-17 12:25:34.493000+00:00
0.0,0.0,0.0,0.0,0.0,0.0,0.0,0.0,2022-10-17 12:25:36.362000+00:00
0.0,0.0,0.0,0.0,0.0,0.0,0.0,0.0,2022-10-17 12:25:38.293000+00:00
0.0,0.0,0.0,0.0,0.0,0.0,0.0,0.0,2022-10-17 12:25:40.199000+00:00
0.0,0.0,0.0,0.0,0.0,0.0,0.0,0.0,2022-10-17 12:25:42.106000+00:00
0.0,0.0,0.0,0.0,0.0,0.0,0.0,0.0,2022-10-17 12:25:44.012000+00:00
0.0,0.0,0.0,0.0,0.0,0.0,0.0,0.0,2022-10-17 12:25:45.924000+00:00
0.0,0.0,0.0,0.0,0.0,0.0,0.0,0.0,2022-10-17 12:25:47.777000+00:00
0.23453,12.28255,7.01107,0.20648,1.83247,3.17456,0.0477,0.13734,2022-10-17 12:25:49.703000+00:00
0.96418,31.3126,1.0543,1.00657,3.66493,0.74847,8.10848,0.11772,2022-10-17 12:25:55.645000+00:00
0.62541,11.3864,3.63732,0.41295,4.59407,1.54856,0.57236,0.11772,2022-10-17 12:25:57.572000+00:00
1.51141,17.87032,7.1165,11.30452,2.99389,0.542,0.16694,0.0981,2022-10-17 12:25:59.531000+00:00
13.78512,0.10543,11.12283,0.77428,2.03894,0.0,0.3458,0.0981,2022-10-17 12:26:01.408000+00:00
0.46906,12.07169,6.64207,0.12905,0.59362,0.74847,0.28618,0.0981,2022-10-17 12:26:03.316000+00:00
0.26059,11.96626,6.43121,2.52932,1.23885,0.18067,0.23848,0.0981,2022-10-17 12:26:05.213000+00:00
0.15635,15.76173,6.43121,0.25809,0.49038,0.46457,8.0727,0.0981,2022-10-17 12:26:07.059000+00:00
0.23453,11.17554,7.1165,2.21961,0.92914,0.07743,1.81248,0.0981,2022-10-17 12:26:08.966000+00:00
0.36482,6.7475,13.28413,1.18723,2.16799,0.69685,0.22656,0.0981,2022-10-17 12:26:10.894000+00:00
0.23453,11.22826,6.32578,1.83247,0.77428,1.72923,3.52957,0.0981,2022-10-17 12:26:12.851000+00:00
18.26724,2.4776,7.85451,5.00702,0.49038,9.42043,0.38158,0.11772,2022-10-17 12:26:14.760000+00:00
1.87624,3.69004,6.16763,0.43876,1.08399,0.51619,5.0678,4.21831,2022-10-17 12:26:16.647000+00:00
3.43977,0.68529,6.7475,0.12905,1.80666,0.02581,3.11222,0.1962,2022-10-17 12:26:18.565000+00:00
0.28665,4.05904,6.85293,0.74847,0.77428,0.8259,0.64391,0.15696,2022-10-17 12:26:20.453000+00:00
0.0,0.0,0.0,0.0,0.0,0.0,0.0,0.0,2022-10-17 12:26:22.331000+00:00
0.0,0.0,0.0,0.0,0.0,0.0,0.0,0.0,2022-10-17 12:26:24.206000+00:00
0.0,0.0,0.0,0.0,0.0,0.0,0.0,0.0,2022-10-17 12:26:26.044000+00:00
0.0,0.0,0.0,0.0,0.0,0.0,0.0,0.0,2022-10-17 12:26:27.961000+00:00
0.0,0.0,0.0,0.0,0.0,0.0,0.0,0.0,2022-10-17 12:26:29.849000+00:00
0.0,0.0,0.0,0.0,0.0,0.0,0.0,0.0,2022-10-17 12:26:31.659000+00:00
0.0,0.0,0.0,0.0,0.0,0.0,0.0,0.0,2022-10-17 12:26:33.503000+00:00
0.0,0.0,0.0,0.0,0.0,0.0,0.0,0.0,2022-10-17 12:26:35.316000+00:00
0.0,0.0,0.0,0.0,0.0,0.0,0.0,0.0,2022-10-17 12:26:37.174000+00:00
0.0,0.0,0.0,0.0,0.0,0.0,0.0,0.03924,2022-10-17 12:26:39.082000+00:00
0.65147,8.27623,8.01265,1.21304,1.21304,3.14875,0.23848,0.11772,2022-10-17 12:26:41.038000+00:00
4.66453,0.15814,3.95361,5.36835,5.34255,0.8259,0.51274,0.11772,2022-10-17 12:26:43.029000+00:00
0.93812,11.49183,3.26832,0.20648,3.89722,2.52932,1.574,0.11772,2022-10-17 12:26:44.987000+00:00
0.20847,10.43753,3.63732,1.44533,3.94884,0.8259,8.09655,0.0981,2022-10-17 12:26:46.842000+00:00
0.39088,11.33368,6.95836,3.27779,5.2135,0.02581,1.00164,0.11772,2022-10-17 12:26:48.753000+00:00
2.215,6.27306,26.04112,1.18723,4.05208,1.03238,0.25041,0.11772,2022-10-17 12:26:50.630000+00:00
5.08147,2.10859,6.37849,0.72266,1.18723,1.39371,0.11924,0.0981,2022-10-17 12:26:52.588000+00:00
0.28665,12.4407,6.53664,0.05162,0.10324,0.67104,0.82277,0.0981,2022-10-17 12:26:54.445000+00:00
4.32577,12.96784,13.60042,1.08399,0.12905,0.07743,7.50034,0.0981,2022-10-17 12:27:00.597000+00:00
2.76224,4.00633,6.80021,0.0,1.72923,0.0,3.12415,0.15696,2022-10-17 12:33:43.135000+00:00
0.31271,4.05904,6.80021,0.72266,0.77428,0.80009,0.57236,0.11772,2022-10-17 12:33:45.084000+00:00
0.0,0.0,0.0,0.0,0.0,0.0,0.0,0.0,2022-10-17 12:33:46.951000+00:00
0.0,0.0,0.0,0.0,0.0,0.0,0.0,0.0,2022-10-17 12:33:48.840000+00:00
0.0,0.0,0.0,0.0,0.0,0.0,0.0,0.0,2022-10-17 12:33:50.727000+00:00
0.0,0.0,0.0,0.0,0.0,0.0,0.0,0.0,2022-10-17 12:33:52.584000+00:00
0.0,0.0,0.0,0.0,0.0,0.0,0.0,0.0,2022-10-17 12:33:54.359000+00:00
0.0,0.0,0.0,0.0,0.0,0.0,0.0,0.0,2022-10-17 12:33:56.289000+00:00
0.0,0.0,0.0,0.0,0.0,0.0,0.0,0.0,2022-10-17 12:33:58.103000+00:00
0.0,0.0,0.0,0.0,0.0,0.0,0.0,0.0,2022-10-17 12:33:59.965000+00:00
0.0,0.0,0.0,0.0,0.0,0.0,0.0,0.0,2022-10-17 12:34:01.869000+00:00
0.0,0.0,0.0,0.0,0.0,0.0,0.0,0.0,2022-10-17 12:34:03.776000+00:00
0.0,0.0,0.0,0.0,0.0,0.0,0.0,0.0981,2022-10-17 12:34:05.614000+00:00
0.49512,2.16131,6.43121,4.54245,16.33735,0.05162,0.23848,0.05886,2022-10-17 12:34:07.501000+00:00
0.52118,3.42646,2.26674,5.41997,8.07834,0.56781,0.51274,0.05886,2022-10-17 12:34:09.348000+00:00
0.75571,11.3864,3.2156,0.33552,5.03283,2.21961,0.05962,0.07848,2022-10-17 12:34:11.226000+00:00
2.08471,9.38324,3.9009,1.67761,4.20693,0.77428,8.09655,0.07848,2022-10-17 12:34:13.054000+00:00
0.39088,11.17554,4.16447,2.45189,5.2135,1.05819,1.35936,0.05886,2022-10-17 12:34:15.143000+00:00
1.90229,20.71692,27.83342,0.23228,4.05208,1.03238,0.29811,0.05886,2022-10-17 12:34:17.156000+00:00
4.92512,13.44228,3.00474,0.23228,0.72266,1.23885,0.64391,0.05886,2022-10-17 12:34:19.051000+00:00
0.31271,12.38798,4.53347,1.23885,1.05819,2.14218,0.31003,0.07848,2022-10-17 12:34:20.989000+00:00
1.53747,0.89615,5.37691,0.18067,0.10324,0.12905,8.0727,0.05886,2022-10-17 12:34:22.917000+00:00
0.33876,10.85925,6.16763,0.20648,0.02581,0.64523,0.91817,0.05886,2022-10-17 12:34:24.787000+00:00
0.10424,11.0174,8.22351,1.6518,0.15486,0.72266,7.50034,0.07848,2022-10-17 12:34:26.728000+00:00
1.17265,22.93094,11.17554,2.65837,4.36179,0.12905,0.22656,0.07848,2022-10-17 12:34:28.692000+00:00
0.886,16.44702,14.97101,2.96808,8.56872,1.54856,0.16694,0.07848,2022-10-17 12:34:30.511000+00:00
10.21506,4.05904,27.4117,0.85171,3.5617,3.76817,1.06126,1.25568,2022-10-17 12:34:32.406000+00:00
0.13029,4.21719,6.00949,0.10324,0.90333,0.25809,5.09165,1.96201,2022-10-17 12:34:34.300000+00:00
0.10424,4.05904,6.95836,0.02581,1.70342,0.25809,3.23147,0.17658,2022-10-17 12:34:36.141000+00:00
0.26059,4.00633,6.69478,0.74847,0.77428,0.77428,0.67968,0.13734,2022-10-17 12:34:38.079000+00:00
0.0,0.0,0.0,0.0,0.0,0.0,0.0,0.0,2022-10-17 12:34:39.925000+00:00
0.0,0.0,0.0,0.0,0.0,0.0,0.0,0.0,2022-10-17 12:34:41.785000+00:00
0.0,0.0,0.0,0.0,0.0,0.0,0.0,0.0,2022-10-17 12:34:47.321000+00:00
0.0,0.0,0.0,0.0,0.0,0.0,0.0,0.0,2022-10-17 12:34:49.156000+00:00
0.0,0.0,0.0,0.0,0.0,0.0,0.0,0.0,2022-10-17 12:34:51.008000+00:00
0.0,0.0,0.0,0.0,0.0,0.0,0.0,0.0,2022-10-17 12:34:52.927000+00:00
0.0,0.0,0.0,0.0,0.0,0.0,0.0,0.0,2022-10-17 12:34:54.778000+00:00
0.33876,4.21719,6.48392,0.64523,0.87752,3.45846,0.03577,0.0981,2022-10-17 12:34:56.708000+00:00
5.91535,4.00633,15.49816,3.76817,6.06521,4.18112,0.26233,0.0981,2022-10-17 12:34:58.709000+00:00
0.26059,18.18661,1.89773,4.07788,4.61988,0.07743,5.55669,0.07848,2022-10-17 12:35:00.628000+00:00
0.886,11.54454,3.11017,0.64523,4.10369,0.2839,2.77835,0.07848,2022-10-17 12:35:02.475000+00:00
1.43324,17.55403,0.94887,1.18723,5.13607,0.05162,8.09655,0.0981,2022-10-17 12:35:04.383000+00:00
20.87312,11.91355,1.7923,2.81322,7.48473,1.26466,0.08347,0.07848,2022-10-17 12:35:06.250000+00:00
2.89253,1.4233,2.10859,1.88409,1.21304,4.77474,1.95557,0.07848,2022-10-17 12:35:08.248000+00:00
0.18241,7.64365,8.1708,1.39371,3.35522,0.95495,8.0727,0.05886,2022-10-17 12:35:10.249000+00:00
0.62541,20.87507,6.48392,0.80009,0.542,0.51619,8.0727,0.07848,2022-10-17 12:35:12.184000+00:00
0.443,11.49183,0.369,1.05819,1.54856,0.41295,7.7746,0.07848,2022-10-17 12:35:14.112000+00:00
6.22806,0.0,11.54454,2.06475,0.12905,0.02581,7.46457,0.07848,2022-10-17 12:35:15.928000+00:00
0.49512,11.12283,6.43121,0.85171,0.20648,0.85171,0.4412,0.07848,2022-10-17 12:35:17.833000+00:00
0.78176,16.39431,6.16763,2.42608,1.83247,0.20648,7.50034,0.07848,2022-10-17 12:35:19.790000+00:00
1.66777,24.45967,2.21402,0.56781,1.03238,7.43311,0.46504,0.07848,2022-10-17 12:35:21.768000+00:00
4.1173,17.29046,12.4407,0.30971,1.6518,1.26466,3.55342,3.21769,2022-10-17 12:35:23.675000+00:00
1.329,3.58461,10.17396,1.34209,12.3627,0.36133,0.71545,1.0791,2022-10-17 12:35:25.588000+00:00
3.59612,2.89931,6.64207,0.80009,0.8259,0.87752,0.75123,0.11772,2022-10-17 12:35:27.476000+00:00
0.26059,0.0,0.0,0.0,0.0,0.0,0.0,0.0,2022-10-17 12:35:29.427000+00:00
0.0,0.0,0.0,0.0,0.0,0.0,0.0,0.0,2022-10-17 12:35:31.262000+00:00
0.0,0.0,0.0,0.0,0.0,0.0,0.0,0.0,2022-10-17 12:35:33.143000+00:00
0.0,0.0,0.0,0.0,0.0,0.0,0.0,0.0,2022-10-17 12:35:34.984000+00:00
0.0,0.0,0.0,0.0,0.0,0.0,0.0,0.0,2022-10-17 12:35:36.857000+00:00
0.0,0.0,0.0,0.0,0.0,0.0,0.0,0.0,2022-10-17 12:35:38.729000+00:00
0.0,0.0,0.0,0.0,0.0,0.0,0.0,0.0,2022-10-17 12:35:40.666000+00:00
0.0,0.0,0.0,0.0,0.0,0.0,0.0,0.0,2022-10-17 12:35:42.531000+00:00
0.0,0.0,0.0,0.0,0.0,0.0,0.0,0.0,2022-10-17 12:35:44.378000+00:00
0.0,0.0,0.0,0.0,0.0,0.0,0.0,0.0,2022-10-17 12:35:46.291000+00:00
7.73947,8.38166,29.09858,1.78085,4.51664,2.4777,0.10732,0.07848,2022-10-17 12:35:51.838000+00:00
0.93812,9.9631,0.21086,0.15486,6.78787,6.81368,0.64391,0.07848,2022-10-17 12:35:53.752000+00:00
13.91542,12.54613,0.26357,0.18067,3.35522,0.25809,8.09655,0.05886,2022-10-17 12:35:55.616000+00:00
0.07818,11.33368,3.9009,0.36133,3.58751,0.20648,0.41735,0.07848,2022-10-17 12:35:57.442000+00:00
0.49512,8.59251,2.53031,2.34866,6.27168,2.58094,0.13117,0.05886,2022-10-17 12:35:59.343000+00:00
2.68406,0.94887,11.07011,0.0,4.1295,0.8259,0.32195,0.07848,2022-10-17 12:36:01.144000+00:00
2.57982,19.9262,8.85609,1.78085,3.14875,0.56781,1.07318,0.07848,2022-10-17 12:36:03.155000+00:00
1.14659,6.48392,3.47918,2.40027,4.72312,0.20648,0.42927,0.07848,2022-10-17 12:36:04.992000+00:00
0.13029,13.12599,7.01107,0.12905,0.20648,0.2839,8.0727,0.07848,2022-10-17 12:36:06.855000+00:00
0.31271,10.96468,1.7923,0.87752,0.61943,0.69685,0.62006,0.07848,2022-10-17 12:36:08.701000+00:00
0.36482,22.24565,30.20559,2.58094,0.85171,0.49038,7.50034,0.07848,2022-10-17 12:36:10.514000+00:00
1.01629,25.25039,2.68846,1.6518,2.96808,0.41295,0.23848,0.07848,2022-10-17 12:36:12.489000+00:00
2.71012,23.45809,12.8097,3.74236,0.2839,5.7555,0.01192,0.07848,2022-10-17 12:36:14.355000+00:00
2.55377,8.96152,22.24565,0.02581,4.18112,13.78222,0.50082,1.43226,2022-10-17 12:36:16.294000+00:00
0.15635,4.00633,6.11492,0.15486,0.74847,0.07743,1.00164,1.39302,2022-10-17 12:36:18.213000+00:00
0.13029,4.11176,7.06379,0.0,2.03894,18.81505,0.7393,0.13734,2022-10-17 12:36:20.151000+00:00
0.20847,3.95361,6.69478,0.74847,0.80009,0.74847,0.62006,0.0981,2022-10-17 12:36:22.055000+00:00
0.0,0.0,0.0,0.0,0.0,0.0,0.0,0.0,2022-10-17 12:36:23.896000+00:00
0.0,0.0,0.0,0.0,0.0,0.0,0.0,0.0,2022-10-17 12:36:25.716000+00:00
0.0,0.0,0.0,0.0,0.0,0.0,0.0,0.0,2022-10-17 12:36:27.598000+00:00
0.0,0.0,0.0,0.0,0.0,0.0,0.0,0.0,2022-10-17 12:36:29.430000+00:00
0.0,0.0,0.0,0.0,0.0,0.0,0.0,0.0,2022-10-17 12:36:31.309000+00:00
0.0,0.0,0.0,0.0,0.0,0.0,0.0,0.0,2022-10-17 12:36:33.228000+00:00
0.0,0.0,0.0,0.0,0.0,0.0,0.0,0.0,2022-10-17 12:36:35.150000+00:00
0.0,0.0,0.0,0.0,0.0,0.0,0.0,0.0,2022-10-17 12:36:37.061000+00:00
0.0,0.0,0.0,0.0,0.0,0.0,0.0,0.0,2022-10-17 12:36:38.922000+00:00
0.0,0.0,0.0,0.0,0.0,0.0,0.0,0.0,2022-10-17 12:36:40.786000+00:00
0.0,0.0,0.0,0.0,0.0,0.0,0.0,0.0,2022-10-17 12:36:42.645000+00:00
0.0,0.0,0.0,0.0,0.0,0.0,0.0,0.0,2022-10-17 12:36:44.457000+00:00
0.0,0.0,0.0,0.0,0.80009,0.61943,0.02385,0.0981,2022-10-17 12:36:46.406000+00:00
2.08471,2.4776,10.59568,0.90333,8.33644,1.26466,0.08347,0.0981,2022-10-17 12:36:48.315000+00:00
3.83065,21.13864,17.02688,4.82636,2.96808,2.70999,0.36965,0.0981,2022-10-17 12:36:50.275000+00:00
20.76889,12.22984,10.96468,1.57437,14.04031,1.1098,0.0477,0.0981,2022-10-17 12:36:56.453000+00:00
2.57982,0.10543,5.00791,1.9099,1.23885,5.65226,0.87047,0.07848,2022-10-17 12:36:58.375000+00:00
0.28665,10.80654,29.99473,0.85171,3.27779,0.51619,6.68949,0.0981,2022-10-17 12:37:00.298000+00:00
5.49841,4.05904,2.00316,0.64523,0.38714,0.59362,8.06078,0.07848,2022-10-17 12:37:02.208000+00:00
0.443,11.3864,6.80021,0.12905,3.04551,0.33552,1.07318,0.07848,2022-10-17 12:37:04.086000+00:00
4.24759,39.32525,1.73959,1.00657,0.25809,0.07743,6.84451,0.0981,2022-10-17 12:37:05.977000+00:00
1.14659,11.22826,6.64207,0.85171,0.15486,0.05162,1.84826,0.0981,2022-10-17 12:37:07.923000+00:00
3.70035,19.97891,3.95361,2.16799,1.52275,0.25809,7.51226,0.11772,2022-10-17 12:37:09.724000+00:00
3.41371,46.86347,4.84976,0.8259,0.72266,4.00046,0.26233,0.13734,2022-10-17 12:37:11.682000+00:00
3.93488,10.3321,17.29046,0.59362,8.46548,0.49038,1.02548,1.2753,2022-10-17 12:37:13.651000+00:00
1.06841,2.68846,6.95836,1.08399,1.00657,0.41295,0.27426,1.23606,2022-10-17 12:37:15.542000+00:00
8.26065,0.68529,0.369,0.92914,0.74847,0.87752,0.82277,0.13734,2022-10-17 12:37:17.492000+00:00
0.23453,3.84818,6.80021,0.0,0.0,0.0,0.0,0.0,2022-10-17 12:37:19.331000+00:00
0.0,0.0,0.0,0.0,0.0,0.0,0.0,0.0,2022-10-17 12:37:21.196000+00:00
0.0,0.0,0.0,0.0,0.0,0.0,0.0,0.0,2022-10-17 12:37:23.086000+00:00
0.0,0.0,0.0,0.0,0.0,0.0,0.0,0.0,2022-10-17 12:37:24.855000+00:00
0.0,0.0,0.0,0.0,0.0,0.0,0.0,0.0,2022-10-17 12:37:26.720000+00:00
0.0,0.0,0.0,0.0,0.0,0.0,0.0,0.0,2022-10-17 12:37:28.782000+00:00
0.0,0.0,0.0,0.0,0.0,0.0,0.0,0.0,2022-10-17 12:37:30.688000+00:00
0.0,0.0,0.0,0.0,0.0,0.0,0.0,0.0,2022-10-17 12:37:32.489000+00:00
0.0,0.0,0.0,0.0,0.0,0.0,0.0,0.0,2022-10-17 12:37:34.383000+00:00
0.0,0.0,0.0,0.0,0.0,0.0,0.0,0.0,2022-10-17 12:37:36.299000+00:00
0.0,0.0,0.0,0.0,0.0,0.0,0.0,0.0,2022-10-17 12:37:38.148000+00:00
0.0,0.0,0.0,0.0,0.0,0.0,0.0,0.0,2022-10-17 12:37:40.071000+00:00
0.0,0.0,0.0,0.0,0.0,0.0,0.0,0.0,2022-10-17 12:37:41.883000+00:00
0.0,0.0,0.0,0.0,0.0,0.0,0.0,0.0,2022-10-17 12:37:43.785000+00:00
0.0,0.0,0.0,0.0,0.0,0.0,0.0,0.0,2022-10-17 12:37:45.650000+00:00
0.0,0.0,0.0,0.0,0.0,0.0,0.0,0.0,2022-10-17 12:37:47.498000+00:00
0.0,0.0,0.0,0.0,0.0,0.0,0.0,0.0,2022-10-17 12:37:49.411000+00:00
0.0,0.0,0.0,0.0,0.0,0.0,0.0,0.0,2022-10-17 12:37:51.274000+00:00
0.0,0.0,0.0,0.0,0.0,0.0,0.0,0.0,2022-10-17 12:37:53.151000+00:00
0.0,0.0,0.0,0.0,0.0,0.0,0.0,0.0,2022-10-17 12:37:54.979000+00:00
0.443,11.33368,3.11017,0.30971,5.13607,0.59362,1.1328,0.0981,2022-10-17 12:38:01.254000+00:00
7.58312,3.69004,3.16289,2.27123,3.81979,0.77428,8.10848,0.0981,2022-10-17 12:38:03.164000+00:00
0.52118,11.3864,3.42646,0.07743,4.74893,1.18723,0.4412,0.11772,2022-10-17 12:38:05.075000+00:00
0.65147,13.81128,6.80021,10.65928,6.45235,1.21304,0.20271,0.0981,2022-10-17 12:38:06.993000+00:00
7.73947,0.21086,10.91197,1.67761,0.43876,0.25809,0.22656,0.07848,2022-10-17 12:38:08.915000+00:00
0.39088,12.49341,6.69478,0.10324,0.59362,0.38714,0.3458,0.0981,2022-10-17 12:38:10.873000+00:00
0.26059,20.66421,0.26357,1.23885,1.3679,0.2839,8.06078,0.0981,2022-10-17 12:38:12.776000+00:00
0.57329,10.85925,6.37849,0.15486,0.51619,0.41295,2.21791,0.0981,2022-10-17 12:38:14.730000+00:00
0.02606,11.0174,6.64207,2.34866,1.85828,1.3679,1.32359,0.0981,2022-10-17 12:38:16.667000+00:00
2.52771,11.3864,13.1787,6.60721,1.05819,1.41952,1.76479,0.11772,2022-10-17 12:38:18.586000+00:00
0.78176,6.85293,8.59251,1.16142,3.76817,2.42608,0.15501,0.11772,2022-10-17 12:38:20.601000+00:00
11.67436,3.2156,26.56827,0.8259,3.27779,2.78742,0.54851,1.19682,2022-10-17 12:38:22.597000+00:00
0.13029,4.21719,6.16763,0.02581,0.87752,0.07743,3.60112,1.33416,2022-10-17 12:38:24.511000+00:00
0.10424,4.05904,6.95836,0.02581,1.6518,4.05208,0.7393,0.15696,2022-10-17 12:38:26.377000+00:00
0.26059,3.95361,6.7475,0.74847,0.77428,0.74847,0.60814,0.13734,2022-10-17 12:38:28.355000+00:00
0.0,0.0,0.0,0.0,0.0,0.0,0.0,0.0,2022-10-17 12:38:30.236000+00:00
0.0,0.0,0.0,0.0,0.0,0.0,0.0,0.0,2022-10-17 12:38:32.099000+00:00
0.0,0.0,0.0,0.0,0.0,0.0,0.0,0.0,2022-10-17 12:38:33.936000+00:00
0.0,0.0,0.0,0.0,0.0,0.0,0.0,0.0,2022-10-17 12:38:35.763000+00:00
0.0,0.0,0.0,0.0,0.0,0.0,0.0,0.0,2022-10-17 12:38:37.631000+00:00
0.0,0.0,0.0,0.0,0.0,0.0,0.0,0.0,2022-10-17 12:38:39.467000+00:00
0.0,0.0,0.0,0.0,0.0,0.0,0.0,0.0,2022-10-17 12:38:41.339000+00:00
0.0,0.0,0.0,0.0,0.0,0.0,0.0,0.0,2022-10-17 12:38:43.204000+00:00
0.0,0.0,0.0,0.0,0.0,0.0,0.0,0.0,2022-10-17 12:38:45.142000+00:00
0.0,0.0,0.0,0.0,0.0,0.0,0.0,0.0,2022-10-17 12:38:47.011000+00:00
0.0,0.0,0.0,0.0,0.0,0.0,0.0,0.0,2022-10-17 12:38:48.871000+00:00
0.0,0.0,0.0,0.0,0.0,0.0,0.0,0.0,2022-10-17 12:38:50.712000+00:00
0.0,0.0,0.0,0.0,0.0,0.0,0.0,0.0,2022-10-17 12:38:52.570000+00:00
0.0,0.0,0.0,0.0,0.0,0.0,0.0,0.0,2022-10-17 12:38:54.586000+00:00
0.0,0.0,0.0,0.0,0.0,0.0,0.0,0.0,2022-10-17 12:38:56.521000+00:00
0.0,0.0,0.0,0.0,0.0,0.0,0.0,0.0,2022-10-17 12:38:58.398000+00:00
0.0,0.0,0.0,0.0,0.0,0.0,0.0,0.0,2022-10-17 12:39:00.275000+00:00
0.0,0.0,0.0,0.0,0.0,0.0,0.0,0.0,2022-10-17 12:39:05.800000+00:00
0.0,0.0,0.0,0.0,0.0,0.0,0.0,0.0,2022-10-17 12:39:07.664000+00:00
0.0,0.0,0.0,0.0,0.0,0.0,0.0,0.0,2022-10-17 12:39:09.572000+00:00
0.0,0.0,0.0,0.0,0.0,0.0,0.0,0.0,2022-10-17 12:39:11.482000+00:00
0.0,0.0,0.0,0.0,0.0,0.0,0.0,0.0,2022-10-17 12:39:13.297000+00:00
0.0,0.0,0.0,0.0,0.0,0.0,0.0,0.0,2022-10-17 12:39:15.157000+00:00
0.0,0.0,0.0,0.0,0.0,0.0,0.0,0.0,2022-10-17 12:39:17.088000+00:00
0.0,0.0,0.0,0.0,0.0,0.0,0.0,0.0,2022-10-17 12:39:19.021000+00:00
0.0,0.0,0.0,0.0,0.0,0.0,0.0,0.0,2022-10-17 12:39:20.884000+00:00
0.0,0.0,0.0,0.0,0.0,0.0,0.0,0.0,2022-10-17 12:39:22.763000+00:00
0.0,0.0,0.0,0.0,0.0,0.0,0.0,0.0,2022-10-17 12:39:24.622000+00:00
0.0,0.0,0.0,0.0,0.0,0.0,0.0,0.0,2022-10-17 12:39:26.484000+00:00
0.0,0.0,0.0,0.0,0.0,0.0,0.0,0.0,2022-10-17 12:39:28.332000+00:00
0.0,0.0,0.0,0.0,0.0,0.0,0.0,0.0,2022-10-17 12:39:30.161000+00:00
0.0,0.0,0.0,0.0,0.0,0.0,0.0,0.0,2022-10-17 12:39:32.044000+00:00
0.0,0.0,0.0,0.0,0.0,0.0,0.0,0.0,2022-10-17 12:39:34+00:00
0.0,0.0,0.0,0.0,0.0,0.0,0.0,0.0,2022-10-17 12:39:35.868000+00:00
0.0,0.0,0.0,0.0,0.0,0.0,0.0,0.0,2022-10-17 12:39:37.810000+00:00
0.0,0.0,0.0,0.0,0.0,0.0,0.0,0.0,2022-10-17 12:39:39.742000+00:00
0.0,0.0,0.0,0.0,0.0,0.0,0.0,0.0,2022-10-17 12:39:41.626000+00:00
0.0,0.0,0.0,0.0,0.0,0.0,0.0,0.0,2022-10-17 12:39:43.537000+00:00
0.0,0.0,0.0,0.0,0.0,0.0,0.0,0.0,2022-10-17 12:39:45.404000+00:00
0.0,0.0,0.0,0.0,0.0,0.0,0.0,0.0,2022-10-17 12:39:47.244000+00:00
0.0,0.0,0.0,0.0,0.0,0.0,0.0,0.0,2022-10-17 12:39:49.151000+00:00
0.0,0.0,0.0,0.0,0.0,0.0,0.0,0.0,2022-10-17 12:39:51.066000+00:00
0.0,0.0,0.0,0.0,0.0,0.0,0.0,0.0,2022-10-17 12:39:52.963000+00:00
0.0,0.0,0.0,0.0,0.0,0.0,0.0,0.0,2022-10-17 12:39:54.848000+00:00
0.0,0.0,0.0,0.0,0.0,0.0,0.0,0.0,2022-10-17 12:39:56.771000+00:00
0.0,0.0,0.0,0.0,0.0,0.0,0.0,0.0,2022-10-17 12:39:58.610000+00:00
0.0,0.0,0.0,0.0,0.0,0.0,0.0,0.0,2022-10-17 12:40:00.451000+00:00
0.0,0.0,0.0,0.0,0.0,0.0,0.0,0.0,2022-10-17 12:40:02.266000+00:00
0.0,0.0,0.0,0.0,0.0,0.0,0.0,0.0,2022-10-17 12:40:04.143000+00:00
0.0,0.0,0.0,0.0,0.0,0.0,0.0,0.0,2022-10-17 12:40:10.265000+00:00
0.0,0.0,0.0,0.0,0.0,0.0,0.0,0.0,2022-10-17 12:40:12.154000+00:00
0.0,0.0,0.0,0.0,0.0,0.0,0.0,0.0,2022-10-17 12:40:14.047000+00:00
0.0,0.0,0.0,0.0,0.0,0.0,0.0,0.0,2022-10-17 12:40:15.928000+00:00
0.0,0.0,0.0,0.0,0.0,0.0,0.0,0.0,2022-10-17 12:40:17.847000+00:00
0.0,0.0,0.0,0.0,0.0,0.0,0.0,0.0,2022-10-17 12:40:19.738000+00:00
0.0,0.0,0.0,0.0,0.0,0.0,0.0,0.0,2022-10-17 12:40:21.626000+00:00
0.0,0.0,0.0,0.0,0.0,0.0,0.0,0.0,2022-10-17 12:40:23.493000+00:00
0.0,0.0,0.0,0.0,0.0,0.0,0.0,0.0,2022-10-17 12:40:25.371000+00:00
0.0,0.0,0.0,0.0,0.0,0.0,0.0,0.0,2022-10-17 12:40:27.285000+00:00
0.0,0.0,0.0,0.0,0.0,0.0,0.0,0.0,2022-10-17 12:40:29.166000+00:00
0.0,0.0,0.0,0.0,0.0,0.0,0.0,0.0,2022-10-17 12:40:30.984000+00:00
0.0,0.0,0.0,0.0,0.0,0.0,0.0,0.0,2022-10-17 12:40:32.820000+00:00
0.0,0.0,0.0,0.0,0.0,0.0,0.0,0.0,2022-10-17 12:40:34.704000+00:00
0.0,0.0,0.0,0.0,0.0,0.0,0.0,0.0,2022-10-17 12:40:36.551000+00:00
0.0,0.0,0.0,0.0,0.0,0.0,0.0,0.0,2022-10-17 12:40:38.447000+00:00
0.0,0.0,0.0,0.0,0.0,0.0,0.0,0.0,2022-10-17 12:40:40.334000+00:00
0.0,0.0,0.0,0.0,0.0,0.0,0.0,0.0,2022-10-17 12:40:42.322000+00:00
0.0,0.0,0.0,0.0,0.0,0.0,0.0,0.0,2022-10-17 12:40:44.246000+00:00
0.0,0.0,0.0,0.0,0.0,0.0,0.0,0.0,2022-10-17 12:40:46.125000+00:00
0.0,0.0,0.0,0.0,0.0,0.0,0.0,0.0,2022-10-17 12:40:47.990000+00:00
0.0,0.0,0.0,0.0,0.0,0.0,0.0,0.0,2022-10-17 12:40:49.805000+00:00
0.0,0.0,0.0,0.0,0.0,0.0,0.0,0.0,2022-10-17 12:40:51.672000+00:00
0.0,0.0,0.0,0.0,0.0,0.0,0.0,0.0,2022-10-17 12:40:53.599000+00:00
0.0,0.0,0.0,0.0,0.0,0.0,0.0,0.0,2022-10-17 12:40:55.508000+00:00
0.0,0.0,0.0,0.0,0.0,0.0,0.0,0.0,2022-10-17 12:40:57.425000+00:00
0.0,0.0,0.0,0.0,0.0,0.0,0.0,0.0,2022-10-17 12:40:59.347000+00:00
0.0,0.0,0.0,0.0,0.0,0.0,0.0,0.0,2022-10-17 12:41:01.226000+00:00
0.0,0.0,0.0,0.0,0.0,0.0,0.0,0.0,2022-10-17 12:41:03.105000+00:00
0.0,0.0,0.0,0.0,0.0,0.0,0.0,0.0,2022-10-17 12:41:04.969000+00:00
0.0,0.0,0.0,0.0,0.0,0.0,0.0,0.0,2022-10-17 12:41:06.864000+00:00
0.0,0.0,0.0,0.0,0.0,0.0,0.0,0.0,2022-10-17 12:41:08.746000+00:00
0.0,0.0,0.0,0.0,0.0,0.0,0.0,0.0,2022-10-17 12:41:14.783000+00:00
0.0,0.0,0.0,0.0,0.0,0.0,0.0,0.0,2022-10-17 12:41:16.681000+00:00
0.0,0.0,0.0,0.0,0.0,0.0,0.0,0.0,2022-10-17 12:41:18.544000+00:00
0.0,0.0,0.0,0.0,0.0,0.0,0.0,0.0,2022-10-17 12:41:20.464000+00:00
0.0,0.0,0.0,0.0,0.0,0.0,0.0,0.0,2022-10-17 12:41:22.337000+00:00
0.0,0.0,0.0,0.0,0.0,0.0,0.0,0.0,2022-10-17 12:41:24.290000+00:00
0.0,0.0,0.0,0.0,0.0,0.0,0.0,0.0,2022-10-17 12:41:26.217000+00:00
0.0,0.0,0.0,0.0,0.0,0.0,0.0,0.0,2022-10-17 12:41:28.035000+00:00
0.0,0.0,0.0,0.0,0.0,0.0,0.0,0.0,2022-10-17 12:41:29.910000+00:00
0.0,0.0,0.0,0.0,0.0,0.0,0.0,0.0,2022-10-17 12:41:31.854000+00:00
0.0,0.0,0.0,0.0,0.0,0.0,0.0,0.0,2022-10-17 12:41:33.730000+00:00
0.0,0.0,0.0,0.0,0.0,0.0,0.0,0.0,2022-10-17 12:41:35.568000+00:00
0.0,0.0,0.0,0.0,0.0,0.0,0.0,0.0,2022-10-17 12:41:37.486000+00:00
0.0,0.0,0.0,0.0,0.0,0.0,0.0,0.0,2022-10-17 12:41:39.409000+00:00
0.0,0.0,0.0,0.0,0.0,0.0,0.0,0.0,2022-10-17 12:41:41.337000+00:00
0.0,0.0,0.0,0.0,0.0,0.0,0.0,0.0,2022-10-17 12:41:43.229000+00:00
0.0,0.0,0.0,0.0,0.0,0.0,0.0,0.0,2022-10-17 12:41:45.076000+00:00
0.0,0.0,0.0,0.0,0.0,0.0,0.0,0.0,2022-10-17 12:41:46.852000+00:00
0.0,0.0,0.0,0.0,0.0,0.0,0.0,0.0,2022-10-17 12:41:48.721000+00:00
0.0,0.0,0.0,0.0,0.0,0.0,0.0,0.0,2022-10-17 12:41:50.636000+00:00
0.0,0.0,0.0,0.0,0.0,0.0,0.0,0.0,2022-10-17 12:41:52.511000+00:00
0.0,0.0,0.0,0.0,0.0,0.0,0.0,0.0,2022-10-17 12:41:54.389000+00:00
0.0,0.0,0.0,0.0,0.0,0.0,0.0,0.0,2022-10-17 12:41:56.215000+00:00
0.0,0.0,0.0,0.0,0.0,0.0,0.0,0.0,2022-10-17 12:41:58.033000+00:00
0.0,0.0,0.0,0.0,0.0,0.0,0.0,0.0,2022-10-17 12:41:59.910000+00:00
0.0,0.0,0.0,0.0,0.0,0.0,0.0,0.0,2022-10-17 12:42:01.745000+00:00
0.0,0.0,0.0,0.0,0.0,0.0,0.0,0.0,2022-10-17 12:42:03.618000+00:00
0.0,0.0,0.0,0.0,0.0,0.0,0.0,0.0,2022-10-17 12:42:05.431000+00:00
0.0,0.0,0.0,0.0,0.0,0.0,0.0,0.0,2022-10-17 12:42:07.359000+00:00
0.0,0.0,0.0,0.0,0.0,0.0,0.0,0.0,2022-10-17 12:42:09.225000+00:00
0.0,0.0,0.0,0.0,0.0,0.0,0.0,0.0,2022-10-17 12:42:11.139000+00:00
0.0,0.0,0.0,0.0,0.0,0.0,0.0,0.0,2022-10-17 12:42:13.077000+00:00
0.0,0.0,0.0,0.0,0.0,0.0,0.0,0.0,2022-10-17 12:42:19.326000+00:00
0.0,0.0,0.0,0.0,0.0,0.0,0.0,0.0,2022-10-17 12:42:21.177000+00:00
0.0,0.0,0.0,0.0,0.0,0.0,0.0,0.0,2022-10-17 12:42:23.036000+00:00
0.0,0.0,0.0,0.0,0.0,0.0,0.0,0.0,2022-10-17 12:42:24.964000+00:00
0.0,0.0,0.0,0.0,0.0,0.0,0.0,0.0,2022-10-17 12:42:26.827000+00:00
0.0,0.0,0.0,0.0,0.0,0.0,0.0,0.0,2022-10-17 12:42:28.742000+00:00
0.0,0.0,0.0,0.0,0.0,0.0,0.0,0.0,2022-10-17 12:42:30.635000+00:00
0.0,0.0,0.0,0.0,0.0,0.0,0.0,0.0,2022-10-17 12:42:32.547000+00:00
0.0,0.0,0.0,0.0,0.0,0.0,0.0,0.0,2022-10-17 12:42:34.431000+00:00
0.0,0.0,0.0,0.0,0.0,0.0,0.0,0.0,2022-10-17 12:42:36.358000+00:00
0.0,0.0,0.0,0.0,0.0,0.0,0.0,0.0,2022-10-17 12:42:38.164000+00:00
0.0,0.0,0.0,0.0,0.0,0.0,0.0,0.0,2022-10-17 12:42:40.055000+00:00
0.0,0.0,0.0,0.0,0.0,0.0,0.0,0.0,2022-10-17 12:42:41.986000+00:00
0.0,0.0,0.0,0.0,0.0,0.0,0.0,0.0,2022-10-17 12:42:43.915000+00:00
0.0,0.0,0.0,0.0,0.0,0.0,0.0,0.0,2022-10-17 12:42:45.842000+00:00
0.0,0.0,0.0,0.0,0.0,0.0,0.0,0.0,2022-10-17 12:42:47.721000+00:00
0.0,0.0,0.0,0.0,0.0,0.0,0.0,0.0,2022-10-17 12:42:49.573000+00:00
0.0,0.0,0.0,0.0,0.0,0.0,0.0,0.0,2022-10-17 12:42:51.468000+00:00
0.0,0.0,0.0,0.0,0.0,0.0,0.0,0.0,2022-10-17 12:42:53.328000+00:00
0.0,0.0,0.0,0.0,0.0,0.0,0.0,0.0,2022-10-17 12:42:55.249000+00:00
0.0,0.0,0.0,0.0,0.0,0.0,0.0,0.0,2022-10-17 12:42:57.148000+00:00
0.0,0.0,0.0,0.0,0.0,0.0,0.0,0.0,2022-10-17 12:42:58.940000+00:00
0.0,0.0,0.0,0.0,0.0,0.0,0.0,0.0,2022-10-17 12:43:00.826000+00:00
0.0,0.0,0.0,0.0,0.0,0.0,0.0,0.0,2022-10-17 12:43:02.709000+00:00
0.0,0.0,0.0,0.0,0.0,0.0,0.0,0.0,2022-10-17 12:43:04.583000+00:00
0.0,0.0,0.0,0.0,0.0,0.0,0.0,0.0,2022-10-17 12:43:06.463000+00:00
0.0,0.0,0.0,0.0,0.0,0.0,0.0,0.0,2022-10-17 12:43:08.338000+00:00
0.0,0.0,0.0,0.0,0.0,0.0,0.0,0.0,2022-10-17 12:43:10.213000+00:00
0.0,0.0,0.0,0.0,0.0,0.0,0.0,0.0,2022-10-17 12:43:12.124000+00:00
0.0,0.0,0.0,0.0,0.0,0.0,0.0,0.0,2022-10-17 12:43:13.945000+00:00
0.0,0.0,0.0,0.0,0.0,0.0,0.0,0.0,2022-10-17 12:43:15.863000+00:00
0.0,0.0,0.0,0.0,0.0,0.0,0.0,0.0,2022-10-17 12:43:17.739000+00:00
0.0,0.0,0.0,0.0,0.0,0.0,0.0,0.0,2022-10-17 12:43:23.859000+00:00
0.0,0.0,0.0,0.0,0.0,0.0,0.0,0.0,2022-10-17 12:43:25.754000+00:00
0.0,0.0,0.0,0.0,0.0,0.0,0.0,0.0,2022-10-17 12:43:27.624000+00:00
0.0,0.0,0.0,0.0,0.0,0.0,0.0,0.0,2022-10-17 12:43:29.485000+00:00
0.0,0.0,0.0,0.0,0.0,0.0,0.0,0.0,2022-10-17 12:43:31.367000+00:00
0.0,0.0,0.0,0.0,0.0,0.0,0.0,0.0,2022-10-17 12:43:33.207000+00:00
0.0,0.0,0.0,0.0,0.0,0.0,0.0,0.0,2022-10-17 12:43:35.197000+00:00
0.0,0.0,0.0,0.0,0.0,0.0,0.0,0.0,2022-10-17 12:43:37.129000+00:00
0.0,0.0,0.0,0.0,0.0,0.0,0.0,0.0,2022-10-17 12:43:39.067000+00:00
0.0,0.0,0.0,0.0,0.0,0.0,0.0,0.0,2022-10-17 12:43:40.921000+00:00
0.0,0.0,0.0,0.0,0.0,0.0,0.0,0.0,2022-10-17 12:43:42.787000+00:00
0.0,0.0,0.0,0.0,0.0,0.0,0.0,0.0,2022-10-17 12:43:44.710000+00:00
0.0,0.0,0.0,0.0,0.0,0.0,0.0,0.0,2022-10-17 12:43:46.543000+00:00
0.0,0.0,0.0,0.0,0.0,0.0,0.0,0.0,2022-10-17 12:43:48.422000+00:00
0.0,0.0,0.0,0.0,0.0,0.0,0.0,0.0,2022-10-17 12:43:50.282000+00:00
0.0,0.0,0.0,0.0,0.0,0.0,0.0,0.0,2022-10-17 12:43:52.208000+00:00
0.0,0.0,0.0,0.0,0.0,0.0,0.0,0.0,2022-10-17 12:43:54.073000+00:00
0.0,0.0,0.0,0.0,0.0,0.0,0.0,0.0,2022-10-17 12:43:55.971000+00:00
0.0,0.0,0.0,0.0,0.0,0.0,0.0,0.0,2022-10-17 12:43:57.838000+00:00
0.0,0.0,0.0,0.0,0.0,0.0,0.0,0.0,2022-10-17 12:43:59.669000+00:00
0.0,0.0,0.0,0.0,0.0,0.0,0.0,0.0,2022-10-17 12:44:01.596000+00:00
0.0,0.0,0.0,0.0,0.0,0.0,0.0,0.0,2022-10-17 12:44:03.417000+00:00
0.0,0.0,0.0,0.0,0.0,0.0,0.0,0.0,2022-10-17 12:44:05.277000+00:00
0.0,0.0,0.0,0.0,0.0,0.0,0.0,0.0,2022-10-17 12:44:07.215000+00:00
0.0,0.0,0.0,0.0,0.0,0.0,0.0,0.0,2022-10-17 12:44:09.032000+00:00
0.0,0.0,0.0,0.0,0.0,0.0,0.0,0.0,2022-10-17 12:44:10.878000+00:00
0.0,0.0,0.0,0.0,0.0,0.0,0.0,0.0,2022-10-17 12:44:12.725000+00:00
0.0,0.0,0.0,0.0,0.0,0.0,0.0,0.0,2022-10-17 12:44:14.632000+00:00
0.0,0.0,0.0,0.0,0.0,0.0,0.0,0.0,2022-10-17 12:44:16.560000+00:00
0.0,0.0,0.0,0.0,0.0,0.0,0.0,0.0,2022-10-17 12:44:18.417000+00:00
0.0,0.0,0.0,0.0,0.0,0.0,0.0,0.0,2022-10-17 12:44:20.278000+00:00
0.0,0.0,0.0,0.0,0.0,0.0,0.0,0.0,2022-10-17 12:44:22.214000+00:00
0.0,0.0,0.0,0.0,0.0,0.0,0.0,0.0,2022-10-17 12:44:28.254000+00:00
0.0,0.0,0.0,0.0,0.0,0.0,0.0,0.0,2022-10-17 12:44:30.161000+00:00
0.0,0.0,0.0,0.0,0.0,0.0,0.0,0.0,2022-10-17 12:44:32.019000+00:00
0.0,0.0,0.0,0.0,0.0,0.0,0.0,0.0,2022-10-17 12:44:33.831000+00:00
0.0,0.0,0.0,0.0,0.0,0.0,0.0,0.0,2022-10-17 12:44:35.680000+00:00
0.0,0.0,0.0,0.0,0.0,0.0,0.0,0.0,2022-10-17 12:44:37.539000+00:00
0.0,0.0,0.0,0.0,0.0,0.0,0.0,0.0,2022-10-17 12:44:39.510000+00:00
0.0,0.0,0.0,0.0,0.0,0.0,0.0,0.0,2022-10-17 12:44:41.428000+00:00
0.0,0.0,0.0,0.0,0.0,0.0,0.0,0.0,2022-10-17 12:44:43.272000+00:00
0.0,0.0,0.0,0.0,0.0,0.0,0.0,0.0,2022-10-17 12:44:45.131000+00:00
0.0,0.0,0.0,0.0,0.0,0.0,0.0,0.0,2022-10-17 12:44:46.942000+00:00
0.0,0.0,0.0,0.69685,0.77428,0.56781,0.02385,0.13734,2022-10-17 12:44:48.892000+00:00
2.60588,0.68529,11.96626,0.07743,7.48473,1.39371,0.09539,0.11772,2022-10-17 12:44:50.740000+00:00
1.92835,1.00158,8.59251,3.58751,7.04597,0.8259,0.35773,0.11772,2022-10-17 12:44:52.666000+00:00
0.83388,7.43279,9.27781,3.92303,5.70388,0.95495,8.09655,0.11772,2022-10-17 12:44:54.589000+00:00
0.20847,11.28097,3.9009,1.18723,3.87141,1.29047,0.26233,0.11772,2022-10-17 12:44:56.520000+00:00
0.15635,11.07011,1.10701,1.34209,7.82025,1.44533,0.11924,0.13734,2022-10-17 12:44:58.470000+00:00
3.30947,0.10543,12.49341,0.2839,4.23274,3.40684,0.31003,0.13734,2022-10-17 12:45:00.397000+00:00
2.34529,28.20243,7.80179,1.05819,8.74939,1.05819,0.13117,0.13734,2022-10-17 12:45:02.345000+00:00
1.25082,7.95994,7.32736,2.50351,1.44533,0.542,7.3334,0.13734,2022-10-17 12:45:04.242000+00:00
0.46906,11.33368,7.16921,0.07743,0.02581,0.25809,2.86181,0.11772,2022-10-17 12:45:06.170000+00:00
0.36482,18.08118,8.01265,4.6715,5.7555,1.29047,0.10732,0.0981,2022-10-17 12:45:08.192000+00:00
0.18241,19.87349,6.69478,0.80009,0.12905,0.0,7.50034,0.11772,2022-10-17 12:45:10.146000+00:00
2.11077,1.68687,6.80021,2.50351,1.96151,0.18067,7.50034,0.0981,2022-10-17 12:45:12.063000+00:00
1.66777,20.9805,15.07644,0.23228,0.12905,5.80711,0.16694,0.13734,2022-10-17 12:45:13.870000+00:00
0.39088,2.4776,16.60517,0.07743,1.85828,0.95495,1.88403,1.2753,2022-10-17 12:45:15.833000+00:00
0.05212,3.95361,5.90406,0.95495,1.57437,1.85828,0.02385,1.29492,2022-10-17 12:45:17.816000+00:00
1.12053,14.07485,17.29046,0.67104,1.26466,0.77428,0.77507,0.17658,2022-10-17 12:45:19.715000+00:00
0.18241,4.00633,6.85293,0.74847,0.69685,0.0,0.0,0.0,2022-10-17 12:45:21.603000+00:00
0.0,0.0,0.0,0.0,0.0,0.0,0.0,0.0,2022-10-17 12:45:23.495000+00:00
0.0,0.0,0.0,0.0,0.0,0.0,0.0,0.0,2022-10-17 12:45:25.360000+00:00
0.0,0.0,0.0,0.0,0.0,0.0,0.0,0.0,2022-10-17 12:45:27.272000+00:00
0.0,0.0,0.0,0.0,0.0,0.0,0.0,0.0,2022-10-17 12:45:32.629000+00:00
0.0,0.0,0.0,0.0,0.0,0.0,0.0,0.0,2022-10-17 12:45:34.494000+00:00
0.0,0.0,0.0,0.0,0.0,0.0,0.0,0.0,2022-10-17 12:45:36.302000+00:00
0.0,0.0,0.0,0.0,0.0,0.0,0.0,0.0,2022-10-17 12:45:38.208000+00:00
0.0,0.0,0.0,0.0,0.0,0.0,0.0,0.0,2022-10-17 12:45:40.119000+00:00
0.0,0.0,0.0,0.0,0.0,0.0,0.0,0.0,2022-10-17 12:45:42.031000+00:00
0.20847,7.1165,7.53822,0.12905,0.69685,0.90333,2.05097,0.13734,2022-10-17 12:45:44.244000+00:00
6.28018,21.40221,2.4776,7.48473,9.75595,0.98076,0.51274,0.15696,2022-10-17 12:45:46.216000+00:00
0.52118,11.33368,3.05746,0.2839,5.13607,2.16799,0.01192,0.13734,2022-10-17 12:45:48.206000+00:00
4.14335,9.27781,3.9009,1.47114,3.87141,0.80009,8.09655,0.15696,2022-10-17 12:45:50.179000+00:00
0.41694,11.12283,2.79388,2.42608,5.34255,0.77428,1.29974,0.13734,2022-10-17 12:45:52.117000+00:00
1.92835,13.49499,30.78545,0.80009,4.23274,0.98076,0.23848,0.11772,2022-10-17 12:45:54.045000+00:00
4.40394,0.79072,8.01265,1.1098,0.07743,1.34209,0.16694,0.13734,2022-10-17 12:45:56.014000+00:00
0.26059,12.12441,3.11017,0.49038,0.15486,2.27123,0.27426,0.13734,2022-10-17 12:45:57.931000+00:00
2.31924,1.0543,3.00474,0.07743,0.05162,0.15486,8.0727,0.13734,2022-10-17 12:45:59.923000+00:00
0.23453,10.96468,6.00949,0.20648,1.18723,0.8259,0.54851,0.13734,2022-10-17 12:46:01.867000+00:00
0.23453,20.2952,17.39589,2.55513,0.56781,0.18067,7.50034,0.13734,2022-10-17 12:46:03.725000+00:00
1.22477,23.72167,10.17396,2.40027,1.88409,0.36133,0.07155,0.11772,2022-10-17 12:46:05.689000+00:00
2.44953,0.63258,33.15762,2.83903,5.31674,11.35614,0.07155,0.13734,2022-10-17 12:46:07.684000+00:00
4.40394,8.59251,27.20084,0.15486,1.05819,3.61332,0.22656,1.39302,2022-10-17 12:46:09.599000+00:00
0.15635,4.00633,6.22035,0.33552,0.8259,0.74847,0.26233,1.51074,2022-10-17 12:46:11.477000+00:00
0.13029,4.11176,7.1165,0.05162,1.67761,17.55039,0.56044,0.15696,2022-10-17 12:46:13.323000+00:00
0.23453,4.00633,6.85293,0.69685,0.77428,0.80009,0.56044,0.13734,2022-10-17 12:46:15.302000+00:00
0.0,0.0,0.0,0.0,0.0,0.0,0.0,0.0,2022-10-17 12:46:17.232000+00:00
0.0,0.0,0.0,0.0,0.0,0.0,0.0,0.0,2022-10-17 12:46:19.107000+00:00
0.0,0.0,0.0,0.0,0.0,0.0,0.0,0.0,2022-10-17 12:46:20.977000+00:00
0.0,0.0,0.0,0.0,0.0,0.0,0.0,0.0,2022-10-17 12:46:22.857000+00:00
0.0,0.0,0.0,0.0,0.0,0.0,0.0,0.0,2022-10-17 12:46:24.765000+00:00
0.0,0.0,0.0,0.0,0.0,0.0,0.0,0.0,2022-10-17 12:46:26.587000+00:00
0.0,0.0,0.0,0.0,0.0,0.0,0.0,0.0,2022-10-17 12:46:28.464000+00:00
0.0,0.0,0.0,0.0,0.0,0.0,0.0,0.0,2022-10-17 12:46:30.324000+00:00
0.0,0.0,0.0,0.67104,0.80009,0.61943,0.02385,0.11772,2022-10-17 12:46:32.282000+00:00
0.96418,11.49183,5.85134,7.45892,5.72969,0.30971,8.09655,0.0981,2022-10-17 12:46:37.915000+00:00
0.05212,11.43911,3.84818,1.29047,3.97465,2.1938,1.43091,0.0981,2022-10-17 12:46:39.806000+00:00
2.34529,10.49025,1.95045,1.18723,10.37538,7.12339,0.26233,0.11772,2022-10-17 12:46:41.720000+00:00
8.28671,0.05271,12.54613,0.49038,3.8456,0.92914,0.28618,0.0981,2022-10-17 12:46:43.629000+00:00
6.43653,10.49025,7.27464,0.46457,0.74847,0.95495,0.88239,0.0981,2022-10-17 12:46:45.519000+00:00
0.20847,23.40538,10.38482,2.60675,2.37446,1.03238,1.16857,0.11772,2022-10-17 12:46:47.492000+00:00
0.78176,16.92146,7.1165,0.12905,0.12905,0.25809,8.0727,0.11772,2022-10-17 12:46:49.351000+00:00
0.31271,11.07011,1.95045,0.90333,0.2839,1.05819,0.63198,0.0981,2022-10-17 12:46:51.279000+00:00
0.41694,14.70743,30.36373,2.58094,0.43876,0.10324,7.50034,0.0981,2022-10-17 12:46:53.156000+00:00
3.15312,16.92146,5.79863,2.63256,1.6518,1.08399,1.34744,0.07848,2022-10-17 12:46:55.095000+00:00
1.61565,2.05588,22.82551,2.96808,6.52978,11.09804,0.02385,0.07848,2022-10-17 12:46:56.990000+00:00
3.101,9.9631,24.77596,0.33552,1.80666,4.6715,0.22656,1.33416,2022-10-17 12:46:58.989000+00:00
0.18241,4.05904,6.22035,0.05162,1.00657,0.90333,0.42927,1.31454,2022-10-17 12:47:00.897000+00:00
0.15635,4.05904,7.06379,1.34209,1.60018,4.3876,0.58429,0.15696,2022-10-17 12:47:02.775000+00:00
0.28665,4.00633,6.85293,0.80009,0.77428,0.74847,0.56044,0.15696,2022-10-17 12:47:04.631000+00:00
0.0,0.0,0.0,0.0,0.0,0.0,0.0,0.0,2022-10-17 12:47:06.572000+00:00
0.0,0.0,0.0,0.0,0.0,0.0,0.0,0.0,2022-10-17 12:47:08.489000+00:00
0.0,0.0,0.0,0.0,0.0,0.0,0.0,0.0,2022-10-17 12:47:10.367000+00:00
0.0,0.0,0.0,0.0,0.0,0.0,0.0,0.0,2022-10-17 12:47:12.201000+00:00
0.0,0.0,0.0,0.0,0.0,0.0,0.0,0.0,2022-10-17 12:47:14.075000+00:00
0.0,0.0,0.0,0.0,0.0,0.0,0.0,0.0,2022-10-17 12:47:15.889000+00:00
0.0,0.0,0.0,0.0,0.0,0.0,0.0,0.0,2022-10-17 12:47:17.752000+00:00
0.0,0.0,0.0,0.0,0.0,0.0,0.0,0.0,2022-10-17 12:47:19.673000+00:00
0.0,0.0,0.0,0.0,0.0,0.0,0.0,0.0,2022-10-17 12:47:21.522000+00:00
0.0,0.0,0.0,0.0,0.0,0.0,0.0,0.0,2022-10-17 12:47:23.388000+00:00
0.0,0.0,0.0,0.0,0.0,0.0,0.0,0.0,2022-10-17 12:47:25.296000+00:00
0.0,0.0,0.0,0.0,0.0,0.0,0.0,0.0,2022-10-17 12:47:27.153000+00:00
0.0,0.0,0.0,0.0,0.0,0.0,0.0,0.0,2022-10-17 12:47:29.074000+00:00
0.0,0.0,0.0,0.0,0.0,0.0,0.0,0.0,2022-10-17 12:47:30.958000+00:00
0.0,0.0,0.0,0.0,0.0,0.0,0.0,0.0,2022-10-17 12:47:32.849000+00:00
0.0,0.0,0.0,0.0,0.0,0.0,0.0,0.0,2022-10-17 12:47:34.724000+00:00
0.0,0.0,0.0,0.0,0.0,0.0,0.0,0.0,2022-10-17 12:47:36.588000+00:00
0.0,0.0,0.0,0.0,0.0,0.0,0.0,0.0,2022-10-17 12:47:42.632000+00:00
0.0,0.0,0.0,0.0,0.0,0.0,0.0,0.0,2022-10-17 12:47:44.514000+00:00
0.0,0.0,0.0,0.0,0.0,0.0,0.0,0.0,2022-10-17 12:47:46.387000+00:00
0.0,0.0,0.0,0.0,0.0,0.0,0.0,0.0,2022-10-17 12:47:48.262000+00:00
0.0,0.0,0.0,0.0,0.0,0.0,0.0,0.0,2022-10-17 12:47:50.131000+00:00
0.0,0.0,0.0,0.0,0.0,0.0,0.0,0.0,2022-10-17 12:47:51.971000+00:00
0.0,0.0,0.0,0.0,0.0,0.0,0.0,0.0,2022-10-17 12:47:53.933000+00:00
0.0,0.0,0.0,0.0,0.0,0.0,0.0,0.0,2022-10-17 12:47:55.850000+00:00
0.0,0.0,0.0,0.0,0.0,0.0,0.0,0.0,2022-10-17 12:47:57.730000+00:00
0.0,0.0,0.0,0.0,0.0,0.0,0.0,0.0,2022-10-17 12:47:59.653000+00:00
0.0,0.0,0.0,0.0,0.0,0.0,0.0,0.0,2022-10-17 12:48:01.580000+00:00
0.0,0.0,0.0,0.0,0.0,0.0,0.0,0.0,2022-10-17 12:48:03.477000+00:00
0.0,0.0,0.0,0.0,0.0,0.0,0.0,0.0,2022-10-17 12:48:05.369000+00:00
0.0,0.0,0.0,0.0,0.0,0.0,0.0,0.0,2022-10-17 12:48:07.296000+00:00
0.0,0.0,0.0,0.0,0.0,0.0,0.0,0.0,2022-10-17 12:48:09.108000+00:00
0.0,0.0,0.0,0.0,0.0,0.0,0.0,0.0,2022-10-17 12:48:11.036000+00:00
0.0,0.0,0.0,0.0,0.0,0.0,0.0,0.0,2022-10-17 12:48:12.895000+00:00
0.0,0.0,0.0,0.0,0.0,0.0,0.0,0.0,2022-10-17 12:48:14.833000+00:00
0.0,0.0,0.0,0.0,0.0,0.0,0.0,0.0,2022-10-17 12:48:16.636000+00:00
0.0,0.0,0.0,0.0,0.0,0.0,0.0,0.0,2022-10-17 12:48:18.558000+00:00
0.0,0.0,0.0,0.0,0.0,0.0,0.0,0.0,2022-10-17 12:48:20.433000+00:00
0.0,0.0,0.0,0.0,0.0,0.0,0.0,0.0,2022-10-17 12:48:22.300000+00:00
0.0,0.0,0.0,0.0,0.0,0.0,0.0,0.0,2022-10-17 12:48:24.182000+00:00
0.0,0.0,0.0,0.0,0.0,0.0,0.0,0.0,2022-10-17 12:48:26.075000+00:00
0.0,0.0,0.0,0.0,0.0,0.0,0.0,0.0,2022-10-17 12:48:27.932000+00:00
0.0,0.0,0.0,0.0,0.0,0.0,0.0,0.0,2022-10-17 12:48:29.812000+00:00
0.0,0.0,0.0,0.0,0.0,0.0,0.0,0.0,2022-10-17 12:48:31.716000+00:00
0.0,0.0,0.0,0.0,0.0,0.0,0.0,0.0,2022-10-17 12:48:33.474000+00:00
0.0,0.0,0.0,0.0,0.0,0.0,0.0,0.0,2022-10-17 12:48:35.444000+00:00
0.0,0.0,0.0,0.0,0.0,0.0,0.0,0.0,2022-10-17 12:48:37.367000+00:00
0.0,0.0,0.0,0.0,0.0,0.0,0.0,0.0,2022-10-17 12:48:39.289000+00:00
0.0,0.0,0.0,0.0,0.0,0.0,0.0,0.0,2022-10-17 12:48:41.163000+00:00
0.0,0.0,0.0,0.0,0.0,0.0,0.0,0.0,2022-10-17 12:48:47.140000+00:00
0.0,0.0,0.0,0.0,0.0,0.0,0.0,0.0,2022-10-17 12:48:49.046000+00:00
0.0,0.0,0.0,0.0,0.0,0.0,0.0,0.0,2022-10-17 12:48:50.953000+00:00
0.0,0.0,0.0,0.0,0.0,0.0,0.0,0.0,2022-10-17 12:48:52.828000+00:00
0.0,0.0,0.0,0.0,0.0,0.0,0.0,0.0,2022-10-17 12:48:54.680000+00:00
0.0,0.0,0.0,0.0,0.0,0.0,0.0,0.0,2022-10-17 12:48:56.561000+00:00
0.0,0.0,0.0,0.0,0.0,0.0,0.0,0.0,2022-10-17 12:48:58.452000+00:00
0.0,0.0,0.0,0.0,0.0,0.0,0.0,0.0,2022-10-17 12:49:00.313000+00:00
0.0,0.0,0.0,0.0,0.0,0.0,0.0,0.0,2022-10-17 12:49:02.243000+00:00
0.0,0.0,0.0,0.0,0.0,0.0,0.0,0.0,2022-10-17 12:49:04.160000+00:00
0.0,0.0,0.0,0.0,0.0,0.0,0.0,0.0,2022-10-17 12:49:06.039000+00:00
0.0,0.0,0.0,0.0,0.0,0.0,0.0,0.0,2022-10-17 12:49:07.928000+00:00
0.0,0.0,0.0,0.0,0.0,0.0,0.0,0.0,2022-10-17 12:49:09.805000+00:00
0.0,0.0,0.0,0.0,0.0,0.0,0.0,0.0,2022-10-17 12:49:11.673000+00:00
0.0,0.0,0.0,0.0,0.0,0.0,0.0,0.0,2022-10-17 12:49:13.501000+00:00
0.0,0.0,0.0,0.0,0.0,0.0,0.0,0.0,2022-10-17 12:49:15.411000+00:00
0.0,0.0,0.0,0.0,0.0,0.0,0.0,0.0,2022-10-17 12:49:17.329000+00:00
0.0,0.0,0.0,0.0,0.0,0.0,0.0,0.0,2022-10-17 12:49:19.213000+00:00
0.0,0.0,0.0,0.0,0.0,0.0,0.0,0.0,2022-10-17 12:49:21.073000+00:00
0.0,0.0,0.0,0.0,0.0,0.0,0.0,0.0,2022-10-17 12:49:22.938000+00:00
0.0,0.0,0.0,0.0,0.0,0.0,0.0,0.0,2022-10-17 12:49:24.862000+00:00
0.0,0.0,0.0,0.0,0.0,0.0,0.0,0.0,2022-10-17 12:49:26.684000+00:00
0.0,0.0,0.0,0.0,0.0,0.0,0.0,0.0,2022-10-17 12:49:28.552000+00:00
0.0,0.0,0.0,0.0,0.0,0.0,0.0,0.0,2022-10-17 12:49:30.433000+00:00
0.0,0.0,0.0,0.0,0.0,0.0,0.0,0.0,2022-10-17 12:49:32.357000+00:00
0.0,0.0,0.0,0.0,0.0,0.0,0.0,0.0,2022-10-17 12:49:34.232000+00:00
0.0,0.0,0.0,0.0,0.0,0.0,0.0,0.0,2022-10-17 12:49:36.118000+00:00
0.0,0.0,0.0,0.0,0.0,0.0,0.0,0.0,2022-10-17 12:49:38.026000+00:00
0.0,0.0,0.0,0.0,0.0,0.0,0.0,0.0,2022-10-17 12:49:39.868000+00:00
0.0,0.0,0.0,0.0,0.0,0.0,0.0,0.0,2022-10-17 12:49:41.798000+00:00
0.0,0.0,0.0,0.0,0.0,0.0,0.0,0.0,2022-10-17 12:49:43.626000+00:00
0.0,0.0,0.0,0.0,0.0,0.0,0.0,0.0,2022-10-17 12:49:45.505000+00:00
0.0,0.0,0.0,0.0,0.0,0.0,0.0,0.0,2022-10-17 12:49:51.497000+00:00
0.0,0.0,0.0,0.0,0.0,0.0,0.0,0.0,2022-10-17 12:49:53.325000+00:00
0.0,0.0,0.0,0.0,0.0,0.0,0.0,0.0,2022-10-17 12:49:55.181000+00:00
0.0,0.0,0.0,0.0,0.0,0.0,0.0,0.0,2022-10-17 12:49:57.094000+00:00
0.0,0.0,0.0,0.0,0.0,0.0,0.0,0.0,2022-10-17 12:49:58.966000+00:00
0.0,0.0,0.0,0.0,0.0,0.0,0.0,0.0,2022-10-17 12:50:00.897000+00:00
0.0,0.0,0.0,0.0,0.0,0.0,0.0,0.0,2022-10-17 12:50:02.772000+00:00
0.0,0.0,0.0,0.0,0.0,0.0,0.0,0.0,2022-10-17 12:50:04.587000+00:00
0.0,0.0,0.0,0.0,0.0,0.0,0.0,0.0,2022-10-17 12:50:06.462000+00:00
0.0,0.0,0.0,0.0,0.0,0.0,0.0,0.0,2022-10-17 12:50:08.379000+00:00
0.0,0.0,0.0,0.0,0.0,0.0,0.0,0.0,2022-10-17 12:50:10.302000+00:00
0.0,0.0,0.0,0.0,0.0,0.0,0.0,0.0,2022-10-17 12:50:12.176000+00:00
0.0,0.0,0.0,0.0,0.0,0.0,0.0,0.0,2022-10-17 12:50:14.050000+00:00
0.0,0.0,0.0,0.0,0.0,0.0,0.0,0.0,2022-10-17 12:50:15.963000+00:00
0.0,0.0,0.0,0.0,0.0,0.0,0.0,0.0,2022-10-17 12:50:17.886000+00:00
0.0,0.0,0.0,0.0,0.0,0.0,0.0,0.0,2022-10-17 12:50:19.793000+00:00
0.0,0.0,0.0,0.0,0.0,0.0,0.0,0.0,2022-10-17 12:50:21.722000+00:00
0.0,0.0,0.0,0.0,0.0,0.0,0.0,0.0,2022-10-17 12:50:23.571000+00:00
0.0,0.0,0.0,0.0,0.0,0.0,0.0,0.0,2022-10-17 12:50:25.483000+00:00
0.0,0.0,0.0,0.0,0.0,0.0,0.0,0.0,2022-10-17 12:50:27.395000+00:00
0.0,0.0,0.0,0.0,0.0,0.0,0.0,0.0,2022-10-17 12:50:29.251000+00:00
0.0,0.0,0.0,0.0,0.0,0.0,0.0,0.0,2022-10-17 12:50:31.129000+00:00
0.0,0.0,0.0,0.0,0.0,0.0,0.0,0.0,2022-10-17 12:50:33.012000+00:00
0.0,0.0,0.0,0.0,0.0,0.0,0.0,0.0,2022-10-17 12:50:34.895000+00:00
0.0,0.0,0.0,0.0,0.0,0.0,0.0,0.0,2022-10-17 12:50:36.762000+00:00
0.0,0.0,0.0,0.0,0.0,0.0,0.0,0.0,2022-10-17 12:50:38.692000+00:00
0.0,0.0,0.0,0.0,0.0,0.0,0.0,0.0,2022-10-17 12:50:40.557000+00:00
0.0,0.0,0.0,0.0,0.0,0.0,0.0,0.0,2022-10-17 12:50:42.481000+00:00
0.0,0.0,0.0,0.0,0.0,0.0,0.0,0.0,2022-10-17 12:50:44.285000+00:00
0.0,0.0,0.0,0.0,0.0,0.0,0.0,0.0,2022-10-17 12:50:46.149000+00:00
0.0,0.0,0.0,0.0,0.0,0.0,0.0,0.0,2022-10-17 12:50:48.079000+00:00
0.0,0.0,0.0,0.0,0.0,0.0,0.0,0.0,2022-10-17 12:50:50.022000+00:00
0.0,0.0,0.0,0.0,0.0,0.0,0.0,0.0,2022-10-17 12:50:56.338000+00:00
0.0,0.0,0.0,0.0,0.0,0.0,0.0,0.0,2022-10-17 12:50:58.171000+00:00
0.0,0.0,0.0,0.0,0.0,0.0,0.0,0.0,2022-10-17 12:51:00.018000+00:00
0.0,0.0,0.0,0.0,0.0,0.0,0.0,0.0,2022-10-17 12:51:01.900000+00:00
0.0,0.0,0.0,0.0,0.0,0.0,0.0,0.0,2022-10-17 12:51:03.760000+00:00
0.0,0.0,0.0,0.0,0.0,0.0,0.0,0.0,2022-10-17 12:51:05.652000+00:00
0.0,0.0,0.0,0.0,0.0,0.0,0.0,0.0,2022-10-17 12:51:07.581000+00:00
0.0,0.0,0.0,0.0,0.0,0.0,0.0,0.0,2022-10-17 12:51:09.456000+00:00
0.0,0.0,0.0,0.0,0.0,0.0,0.0,0.0,2022-10-17 12:51:11.320000+00:00
0.0,0.0,0.0,0.0,0.0,0.0,0.0,0.0,2022-10-17 12:51:13.200000+00:00
0.0,0.0,0.0,0.0,0.0,0.0,0.0,0.0,2022-10-17 12:51:15.062000+00:00
0.0,0.0,0.0,0.0,0.0,0.0,0.0,0.0,2022-10-17 12:51:16.989000+00:00
0.0,0.0,0.0,0.0,0.0,0.0,0.0,0.0,2022-10-17 12:51:18.898000+00:00
0.0,0.0,0.0,0.0,0.0,0.0,0.0,0.0,2022-10-17 12:51:20.778000+00:00
0.0,0.0,0.0,0.0,0.0,0.0,0.0,0.0,2022-10-17 12:51:22.655000+00:00
0.0,0.0,0.0,0.0,0.0,0.0,0.0,0.0,2022-10-17 12:51:24.549000+00:00
0.0,0.0,0.0,0.0,0.0,0.0,0.0,0.0,2022-10-17 12:51:26.476000+00:00
0.0,0.0,0.0,0.0,0.0,0.0,0.0,0.0,2022-10-17 12:51:28.335000+00:00
0.0,0.0,0.0,0.0,0.0,0.0,0.0,0.0,2022-10-17 12:51:30.259000+00:00
0.0,0.0,0.0,0.0,0.0,0.0,0.0,0.0,2022-10-17 12:51:32.108000+00:00
0.0,0.0,0.0,0.0,0.0,0.0,0.0,0.0,2022-10-17 12:51:33.999000+00:00
0.0,0.0,0.0,0.0,0.0,0.0,0.0,0.0,2022-10-17 12:51:35.940000+00:00
0.0,0.0,0.0,0.0,0.0,0.0,0.0,0.0,2022-10-17 12:51:37.856000+00:00
0.0,0.0,0.0,0.0,0.0,0.0,0.0,0.0,2022-10-17 12:51:39.746000+00:00
0.0,0.0,0.0,0.0,0.0,0.0,0.0,0.0,2022-10-17 12:51:41.659000+00:00
0.0,0.0,0.0,0.0,0.0,0.0,0.0,0.0,2022-10-17 12:51:43.595000+00:00
0.0,0.0,0.0,0.0,0.0,0.0,0.0,0.0,2022-10-17 12:51:45.499000+00:00
0.0,0.0,0.0,0.0,0.0,0.0,0.0,0.0,2022-10-17 12:51:47.377000+00:00
0.0,0.0,0.0,0.0,0.0,0.0,0.0,0.0,2022-10-17 12:51:49.226000+00:00
0.0,0.0,0.0,0.0,0.0,0.0,0.0,0.0,2022-10-17 12:51:51.155000+00:00
0.0,0.0,0.0,0.0,0.0,0.0,0.0,0.0,2022-10-17 12:51:53.061000+00:00
0.0,0.0,0.0,0.0,0.0,0.0,0.0,0.0,2022-10-17 12:51:54.986000+00:00
0.0,0.0,0.0,0.0,0.0,0.0,0.0,0.0,2022-10-17 12:52:00.993000+00:00
0.0,0.0,0.0,0.0,0.0,0.0,0.0,0.0,2022-10-17 12:52:02.874000+00:00
0.0,0.0,0.0,0.0,0.0,0.0,0.0,0.0,2022-10-17 12:52:04.796000+00:00
0.0,0.0,0.0,0.0,0.0,0.0,0.0,0.0,2022-10-17 12:52:06.665000+00:00
0.0,0.0,0.0,0.0,0.0,0.0,0.0,0.0,2022-10-17 12:52:08.541000+00:00
0.0,0.0,0.0,0.0,0.0,0.0,0.0,0.0,2022-10-17 12:52:10.405000+00:00
0.0,0.0,0.0,0.0,0.0,0.0,0.0,0.0,2022-10-17 12:52:12.348000+00:00
0.0,0.0,0.0,0.0,0.0,0.0,0.0,0.0,2022-10-17 12:52:14.223000+00:00
0.0,0.0,0.0,0.0,0.0,0.0,0.0,0.0,2022-10-17 12:52:16.092000+00:00
0.0,0.0,0.0,0.0,0.0,0.0,0.0,0.0,2022-10-17 12:52:17.958000+00:00
0.0,0.0,0.0,0.0,0.0,0.0,0.0,0.0,2022-10-17 12:52:19.775000+00:00
0.0,0.0,0.0,0.0,0.0,0.0,0.0,0.0,2022-10-17 12:52:21.702000+00:00
0.0,0.0,0.0,0.0,0.0,0.0,0.0,0.0,2022-10-17 12:52:23.643000+00:00
0.0,0.0,0.0,0.0,0.0,0.0,0.0,0.0,2022-10-17 12:52:25.473000+00:00
0.0,0.0,0.0,0.0,0.0,0.0,0.0,0.0,2022-10-17 12:52:27.357000+00:00
0.0,0.0,0.0,0.0,0.0,0.0,0.0,0.0,2022-10-17 12:52:29.268000+00:00
0.0,0.0,0.0,0.0,0.0,0.0,0.0,0.0,2022-10-17 12:52:31.153000+00:00
0.0,0.0,0.0,0.0,0.0,0.0,0.0,0.0,2022-10-17 12:52:33.050000+00:00
0.0,0.0,0.0,0.0,0.0,0.0,0.0,0.0,2022-10-17 12:52:34.939000+00:00
0.0,0.0,0.0,0.0,0.0,0.0,0.0,0.0,2022-10-17 12:52:36.803000+00:00
0.0,0.0,0.0,0.0,0.0,0.0,0.0,0.0,2022-10-17 12:52:38.639000+00:00
0.0,0.0,0.0,0.0,0.0,0.0,0.0,0.0,2022-10-17 12:52:40.467000+00:00
0.0,0.0,0.0,0.0,0.0,0.0,0.0,0.0,2022-10-17 12:52:42.402000+00:00
0.0,0.0,0.0,0.0,0.0,0.0,0.0,0.0,2022-10-17 12:52:44.347000+00:00
0.0,0.0,0.0,0.0,0.0,0.0,0.0,0.0,2022-10-17 12:52:46.221000+00:00
0.0,0.0,0.0,0.0,0.0,0.0,0.0,0.0,2022-10-17 12:52:48.144000+00:00
0.0,0.0,0.0,0.0,0.0,0.0,0.0,0.0,2022-10-17 12:52:50.013000+00:00
0.0,0.0,0.0,0.0,0.0,0.0,0.0,0.0,2022-10-17 12:52:51.850000+00:00
0.0,0.0,0.0,0.0,0.0,0.0,0.0,0.0,2022-10-17 12:52:53.716000+00:00
0.0,0.0,0.0,0.0,0.0,0.0,0.0,0.0,2022-10-17 12:52:55.616000+00:00
0.0,0.0,0.0,0.0,0.0,0.0,0.0,0.0,2022-10-17 12:52:57.558000+00:00
0.0,0.0,0.0,0.0,0.0,0.0,0.0,0.0,2022-10-17 12:52:59.435000+00:00
0.0,0.0,0.0,0.0,0.0,0.0,0.0,0.0,2022-10-17 12:53:05.437000+00:00
0.0,0.0,0.0,0.0,0.0,0.0,0.0,0.0,2022-10-17 12:53:07.364000+00:00
0.0,0.0,0.0,0.0,0.0,0.0,0.0,0.0,2022-10-17 12:53:09.230000+00:00
0.0,0.0,0.0,0.0,0.0,0.0,0.0,0.0,2022-10-17 12:53:11.167000+00:00
0.0,0.0,0.0,0.0,0.0,0.0,0.0,0.0,2022-10-17 12:53:13.080000+00:00
0.0,0.0,0.0,0.0,0.0,0.0,0.0,0.0,2022-10-17 12:53:15.002000+00:00
0.0,0.0,0.0,0.0,0.0,0.0,0.0,0.0,2022-10-17 12:53:16.851000+00:00
0.0,0.0,0.0,0.0,0.0,0.0,0.0,0.0,2022-10-17 12:53:18.781000+00:00
0.0,0.0,0.0,0.0,0.0,0.0,0.0,0.0,2022-10-17 12:53:20.614000+00:00
0.0,0.0,0.0,0.0,0.0,0.0,0.0,0.0,2022-10-17 12:53:22.430000+00:00
0.0,0.0,0.0,0.0,0.0,0.0,0.0,0.0,2022-10-17 12:53:24.303000+00:00
0.0,0.0,0.0,0.0,0.0,0.0,0.0,0.0,2022-10-17 12:53:26.167000+00:00
0.0,0.0,0.0,0.0,0.0,0.0,0.0,0.0,2022-10-17 12:53:28.063000+00:00
0.0,0.0,0.0,0.0,0.0,0.0,0.0,0.0,2022-10-17 12:53:29.901000+00:00
0.0,0.0,0.0,0.0,0.0,0.0,0.0,0.0,2022-10-17 12:53:31.828000+00:00
0.0,0.0,0.0,0.0,0.0,0.0,0.0,0.0,2022-10-17 12:53:33.718000+00:00
0.0,0.0,0.0,0.0,0.0,0.0,0.0,0.0,2022-10-17 12:53:35.640000+00:00
0.0,0.0,0.0,0.0,0.0,0.0,0.0,0.0,2022-10-17 12:53:37.550000+00:00
0.0,0.0,0.0,0.0,0.0,0.0,0.0,0.0,2022-10-17 12:53:39.372000+00:00
0.0,0.0,0.0,0.0,0.0,0.0,0.0,0.0,2022-10-17 12:53:41.205000+00:00
0.0,0.0,0.0,0.0,0.0,0.0,0.0,0.0,2022-10-17 12:53:43.086000+00:00
0.0,0.0,0.0,0.0,0.0,0.0,0.0,0.0,2022-10-17 12:53:44.917000+00:00
0.0,0.0,0.0,0.0,0.0,0.0,0.0,0.0,2022-10-17 12:53:46.834000+00:00
0.0,0.0,0.0,0.0,0.0,0.0,0.0,0.0,2022-10-17 12:53:48.695000+00:00
0.0,0.0,0.0,0.0,0.0,0.0,0.0,0.0,2022-10-17 12:53:50.575000+00:00
0.0,0.0,0.0,0.0,0.0,0.0,0.0,0.0,2022-10-17 12:53:52.442000+00:00
0.0,0.0,0.0,0.0,0.0,0.0,0.0,0.0,2022-10-17 12:53:54.315000+00:00
0.0,0.0,0.0,0.0,0.0,0.0,0.0,0.0,2022-10-17 12:53:56.244000+00:00
0.0,0.0,0.0,0.0,0.0,0.0,0.0,0.0,2022-10-17 12:53:58.171000+00:00
0.0,0.0,0.0,0.0,0.0,0.0,0.0,0.0,2022-10-17 12:54:00.003000+00:00
0.0,0.0,0.0,0.0,0.0,0.0,0.0,0.0,2022-10-17 12:54:01.818000+00:00
0.0,0.0,0.0,0.0,0.0,0.0,0.0,0.0,2022-10-17 12:54:03.732000+00:00
0.0,0.0,0.0,0.0,0.0,0.0,0.0,0.0,2022-10-17 12:54:09.846000+00:00
0.0,0.0,0.0,0.0,0.0,0.0,0.0,0.0,2022-10-17 12:54:11.694000+00:00
0.0,0.0,0.0,0.0,0.0,0.0,0.0,0.0,2022-10-17 12:54:13.557000+00:00
0.0,0.0,0.0,0.0,0.0,0.0,0.0,0.0,2022-10-17 12:54:15.486000+00:00
0.0,0.0,0.0,0.0,0.0,0.0,0.0,0.0,2022-10-17 12:54:17.327000+00:00
0.0,0.0,0.0,0.0,0.0,0.0,0.0,0.0,2022-10-17 12:54:19.249000+00:00
0.0,0.0,0.0,0.0,0.0,0.0,0.0,0.0,2022-10-17 12:54:21.115000+00:00
0.0,0.0,0.0,0.0,0.0,0.0,0.0,0.0,2022-10-17 12:54:22.995000+00:00
0.0,0.0,0.0,0.0,0.0,0.0,0.0,0.0,2022-10-17 12:54:24.871000+00:00
0.0,0.0,0.0,0.0,0.0,0.0,0.0,0.0,2022-10-17 12:54:26.735000+00:00
0.0,0.0,0.0,0.0,0.0,0.0,0.0,0.0,2022-10-17 12:54:28.557000+00:00
0.0,0.0,0.0,0.0,0.0,0.0,0.0,0.0,2022-10-17 12:54:30.390000+00:00
0.0,0.0,0.0,0.0,0.0,0.0,0.0,0.0,2022-10-17 12:54:32.259000+00:00
0.0,0.0,0.0,0.0,0.0,0.0,0.0,0.0,2022-10-17 12:54:34.189000+00:00
0.0,0.0,0.0,0.0,0.0,0.0,0.0,0.0,2022-10-17 12:54:36.031000+00:00
0.0,0.0,0.0,0.0,0.0,0.0,0.0,0.0,2022-10-17 12:54:37.900000+00:00
0.0,0.0,0.0,0.0,0.0,0.0,0.0,0.0,2022-10-17 12:54:39.776000+00:00
0.0,0.0,0.0,0.0,0.0,0.0,0.0,0.0,2022-10-17 12:54:41.722000+00:00
0.0,0.0,0.0,0.0,0.0,0.0,0.0,0.0,2022-10-17 12:54:43.550000+00:00
0.0,0.0,0.0,0.0,0.0,0.0,0.0,0.0,2022-10-17 12:54:45.409000+00:00
0.0,0.0,0.0,0.0,0.0,0.0,0.0,0.0,2022-10-17 12:54:47.344000+00:00
0.0,0.0,0.0,0.0,0.0,0.0,0.0,0.0,2022-10-17 12:54:49.170000+00:00
0.0,0.0,0.0,0.0,0.0,0.0,0.0,0.0,2022-10-17 12:54:51.079000+00:00
0.0,0.0,0.0,0.0,0.0,0.0,0.0,0.0,2022-10-17 12:54:52.955000+00:00
0.0,0.0,0.0,0.0,0.0,0.0,0.0,0.0,2022-10-17 12:54:54.852000+00:00
0.0,0.0,0.0,0.0,0.0,0.0,0.0,0.0,2022-10-17 12:54:56.775000+00:00
0.0,0.0,0.0,0.0,0.0,0.0,0.0,0.0,2022-10-17 12:54:58.650000+00:00
0.0,0.0,0.0,0.0,0.0,0.0,0.0,0.0,2022-10-17 12:55:00.464000+00:00
0.0,0.0,0.0,0.0,0.0,0.0,0.0,0.0,2022-10-17 12:55:02.453000+00:00
0.0,0.0,0.0,0.0,0.0,0.0,0.0,0.0,2022-10-17 12:55:04.297000+00:00
0.0,0.0,0.0,0.0,0.0,0.0,0.0,0.0,2022-10-17 12:55:06.194000+00:00
0.0,0.0,0.0,0.0,0.0,0.0,0.0,0.0,2022-10-17 12:55:08.040000+00:00
0.0,0.0,0.0,0.0,0.0,0.0,0.0,0.0,2022-10-17 12:55:14.482000+00:00
0.0,0.0,0.0,0.0,0.0,0.0,0.0,0.0,2022-10-17 12:55:16.370000+00:00
0.0,0.0,0.0,0.0,0.0,0.0,0.0,0.0,2022-10-17 12:55:18.205000+00:00
0.0,0.0,0.0,0.0,0.0,0.0,0.0,0.0,2022-10-17 12:55:20.130000+00:00
0.0,0.0,0.0,0.0,0.0,0.0,0.0,0.0,2022-10-17 12:55:22.012000+00:00
0.0,0.0,0.0,0.0,0.0,0.0,0.0,0.0,2022-10-17 12:55:23.901000+00:00
0.0,0.0,0.0,0.0,0.0,0.0,0.0,0.0,2022-10-17 12:55:25.757000+00:00
0.0,0.0,0.0,0.0,0.0,0.0,0.0,0.0,2022-10-17 12:55:27.649000+00:00
0.0,0.0,0.0,0.0,0.0,0.0,0.0,0.0,2022-10-17 12:55:29.538000+00:00
0.0,0.0,0.0,0.0,0.0,0.0,0.0,0.0,2022-10-17 12:55:31.418000+00:00
0.0,0.0,0.0,0.0,0.0,0.0,0.0,0.0,2022-10-17 12:55:33.271000+00:00
0.0,0.0,0.0,0.0,0.0,0.0,0.0,0.0,2022-10-17 12:55:35.129000+00:00
0.0,0.0,0.0,0.0,0.0,0.0,0.0,0.0,2022-10-17 12:55:36.895000+00:00
0.0,0.0,0.0,0.0,0.0,0.0,0.0,0.0,2022-10-17 12:55:38.785000+00:00
0.0,0.0,0.0,0.0,0.0,0.0,0.0,0.0,2022-10-17 12:55:40.619000+00:00
0.0,0.0,0.0,0.0,0.0,0.0,0.0,0.0,2022-10-17 12:55:42.561000+00:00
0.0,0.0,0.0,0.0,0.0,0.0,0.0,0.0,2022-10-17 12:55:44.414000+00:00
0.0,0.0,0.0,0.0,0.0,0.0,0.0,0.0,2022-10-17 12:55:46.399000+00:00
0.0,0.0,0.0,0.0,0.0,0.0,0.0,0.0,2022-10-17 12:55:48.271000+00:00
0.0,0.0,0.0,0.0,0.0,0.0,0.0,0.0,2022-10-17 12:55:50.193000+00:00
0.0,0.0,0.0,0.0,0.0,0.0,0.0,0.0,2022-10-17 12:55:52.004000+00:00
0.0,0.0,0.0,0.0,0.0,0.0,0.0,0.0,2022-10-17 12:55:53.870000+00:00
0.0,0.0,0.0,0.0,0.0,0.0,0.0,0.0,2022-10-17 12:55:55.734000+00:00
0.0,0.0,0.0,0.0,0.0,0.0,0.0,0.0,2022-10-17 12:55:57.569000+00:00
0.0,0.0,0.0,0.0,0.0,0.0,0.0,0.0,2022-10-17 12:55:59.453000+00:00
0.0,0.0,0.0,0.0,0.0,0.0,0.0,0.0,2022-10-17 12:56:01.269000+00:00
0.0,0.0,0.0,0.0,0.0,0.0,0.0,0.0,2022-10-17 12:56:03.120000+00:00
0.0,0.0,0.0,0.0,0.0,0.0,0.0,0.0,2022-10-17 12:56:04.995000+00:00
0.0,0.0,0.0,0.0,0.0,0.0,0.0,0.0,2022-10-17 12:56:07+00:00
0.0,0.0,0.0,0.0,0.0,0.0,0.0,0.0,2022-10-17 12:56:08.937000+00:00
0.0,0.0,0.0,0.0,0.0,0.0,0.0,0.0,2022-10-17 12:56:10.830000+00:00
0.0,0.0,0.0,0.0,0.0,0.0,0.0,0.0,2022-10-17 12:56:12.719000+00:00
0.0,0.0,0.0,0.0,0.0,0.0,0.0,0.0,2022-10-17 12:56:18.881000+00:00
0.0,0.0,0.0,0.0,0.0,0.0,0.0,0.0,2022-10-17 12:56:20.772000+00:00
0.0,0.0,0.0,0.0,0.0,0.0,0.0,0.0,2022-10-17 12:56:22.636000+00:00
0.0,0.0,0.0,0.0,0.0,0.0,0.0,0.0,2022-10-17 12:56:24.483000+00:00
0.0,0.0,0.0,0.0,0.0,0.0,0.0,0.0,2022-10-17 12:56:26.344000+00:00
0.0,0.0,0.0,0.0,0.0,0.0,0.0,0.0,2022-10-17 12:56:28.168000+00:00
0.0,0.0,0.0,0.0,0.0,0.0,0.0,0.0,2022-10-17 12:56:30.101000+00:00
0.0,0.0,0.0,0.0,0.0,0.0,0.0,0.0,2022-10-17 12:56:31.968000+00:00
0.0,0.0,0.0,0.0,0.0,0.0,0.0,0.0,2022-10-17 12:56:33.890000+00:00
0.0,0.0,0.0,0.0,0.0,0.0,0.0,0.0,2022-10-17 12:56:35.761000+00:00
0.0,0.0,0.0,0.0,0.0,0.0,0.0,0.0,2022-10-17 12:56:37.622000+00:00
0.0,0.0,0.0,0.0,0.0,0.0,0.0,0.0,2022-10-17 12:56:39.495000+00:00
0.0,0.0,0.0,0.0,0.0,0.0,0.0,0.0,2022-10-17 12:56:41.421000+00:00
0.0,0.0,0.0,0.0,0.0,0.0,0.0,0.0,2022-10-17 12:56:43.296000+00:00
0.0,0.0,0.0,0.0,0.0,0.0,0.0,0.0,2022-10-17 12:56:45.203000+00:00
0.0,0.0,0.0,0.0,0.0,0.0,0.0,0.0,2022-10-17 12:56:47.083000+00:00
0.0,0.0,0.0,0.0,0.0,0.0,0.0,0.0,2022-10-17 12:56:48.896000+00:00
0.0,0.0,0.0,0.0,0.0,0.0,0.0,0.0,2022-10-17 12:56:50.728000+00:00
0.0,0.0,0.0,0.0,0.0,0.0,0.0,0.0,2022-10-17 12:56:52.603000+00:00
0.0,0.0,0.0,0.0,0.0,0.0,0.0,0.0,2022-10-17 12:56:54.478000+00:00
0.0,0.0,0.0,0.0,0.0,0.0,0.0,0.0,2022-10-17 12:56:56.295000+00:00
0.0,0.0,0.0,0.0,0.0,0.0,0.0,0.0,2022-10-17 12:56:58.207000+00:00
0.0,0.0,0.0,0.0,0.0,0.0,0.0,0.0,2022-10-17 12:57:00.133000+00:00
0.0,0.0,0.0,0.0,0.0,0.0,0.0,0.0,2022-10-17 12:57:02.013000+00:00
0.0,0.0,0.0,0.0,0.0,0.0,0.0,0.0,2022-10-17 12:57:03.888000+00:00
0.0,0.0,0.0,0.0,0.0,0.0,0.0,0.0,2022-10-17 12:57:05.767000+00:00
0.0,0.0,0.0,0.0,0.0,0.0,0.0,0.0,2022-10-17 12:57:07.651000+00:00
0.0,0.0,0.0,0.0,0.0,0.0,0.0,0.0,2022-10-17 12:57:09.568000+00:00
0.0,0.0,0.0,0.0,0.0,0.0,0.0,0.0,2022-10-17 12:57:11.412000+00:00
0.0,0.0,0.0,0.0,0.0,0.0,0.0,0.0,2022-10-17 12:57:13.350000+00:00
0.0,0.0,0.0,0.0,0.0,0.0,0.0,0.0,2022-10-17 12:57:15.272000+00:00
0.0,0.0,0.0,0.0,0.0,0.0,0.0,0.0,2022-10-17 12:57:17.151000+00:00
0.0,0.0,0.0,0.0,0.0,0.0,0.0,0.0,2022-10-17 12:57:23.407000+00:00
0.0,0.0,0.0,0.0,0.0,0.0,0.0,0.0,2022-10-17 12:57:25.291000+00:00
0.0,0.0,0.0,0.0,0.0,0.0,0.0,0.0,2022-10-17 12:57:27.117000+00:00
0.0,0.0,0.0,0.0,0.0,0.0,0.0,0.0,2022-10-17 12:57:28.944000+00:00
0.0,0.0,0.0,0.0,0.0,0.0,0.0,0.0,2022-10-17 12:57:30.862000+00:00
0.0,0.0,0.0,0.0,0.0,0.0,0.0,0.0,2022-10-17 12:57:32.734000+00:00
0.0,0.0,0.0,0.0,0.0,0.0,0.0,0.0,2022-10-17 12:57:34.718000+00:00
0.0,0.0,0.0,0.0,0.0,0.0,0.0,0.0,2022-10-17 12:57:36.585000+00:00
0.0,0.0,0.0,0.0,0.0,0.0,0.0,0.0,2022-10-17 12:57:38.392000+00:00
0.0,0.0,0.0,0.0,0.0,0.0,0.0,0.0,2022-10-17 12:57:40.207000+00:00
0.0,0.0,0.0,0.0,0.0,0.0,0.0,0.0,2022-10-17 12:57:42.024000+00:00
0.0,0.0,0.0,0.0,0.0,0.0,0.0,0.0,2022-10-17 12:57:43.859000+00:00
0.0,0.0,0.0,0.0,0.0,0.0,0.0,0.0,2022-10-17 12:57:45.649000+00:00
0.0,0.0,0.0,0.0,0.0,0.0,0.0,0.0,2022-10-17 12:57:47.560000+00:00
0.0,0.0,0.0,0.0,0.0,0.0,0.0,0.0,2022-10-17 12:57:49.481000+00:00
0.0,0.0,0.0,0.0,0.0,0.0,0.0,0.0,2022-10-17 12:57:51.408000+00:00
0.0,0.0,0.0,0.0,0.0,0.0,0.0,0.0,2022-10-17 12:57:53.267000+00:00
0.0,0.0,0.0,0.0,0.0,0.0,0.0,0.0,2022-10-17 12:57:55.205000+00:00
0.0,0.0,0.0,0.0,0.0,0.0,0.0,0.0,2022-10-17 12:57:57.084000+00:00
0.0,0.0,0.0,0.0,0.0,0.0,0.0,0.0,2022-10-17 12:57:58.959000+00:00
0.0,0.0,0.0,0.0,0.0,0.0,0.0,0.0,2022-10-17 12:58:00.892000+00:00
0.0,0.0,0.0,0.0,0.0,0.0,0.0,0.0,2022-10-17 12:58:02.819000+00:00
0.0,0.0,0.0,0.0,0.0,0.0,0.0,0.0,2022-10-17 12:58:04.703000+00:00
0.0,0.0,0.0,0.0,0.0,0.0,0.0,0.0,2022-10-17 12:58:06.540000+00:00
0.0,0.0,0.0,0.0,0.0,0.0,0.0,0.0,2022-10-17 12:58:08.435000+00:00
0.0,0.0,0.0,0.0,0.0,0.0,0.0,0.0,2022-10-17 12:58:10.307000+00:00
0.0,0.0,0.0,0.0,0.0,0.0,0.0,0.0,2022-10-17 12:58:12.218000+00:00
0.0,0.0,0.0,0.0,0.0,0.0,0.0,0.0,2022-10-17 12:58:14.096000+00:00
0.0,0.0,0.0,0.0,0.0,0.0,0.0,0.0,2022-10-17 12:58:15.992000+00:00
0.0,0.0,0.0,0.0,0.0,0.0,0.0,0.0,2022-10-17 12:58:17.855000+00:00
0.0,0.0,0.0,0.0,0.0,0.0,0.0,0.0,2022-10-17 12:58:19.761000+00:00
0.0,0.0,0.0,0.0,0.0,0.0,0.0,0.0,2022-10-17 12:58:21.657000+00:00
0.0,0.0,0.0,0.0,0.0,0.0,0.0,0.0,2022-10-17 12:58:27.766000+00:00
0.0,0.0,0.0,0.0,0.0,0.0,0.0,0.0,2022-10-17 12:58:29.644000+00:00
0.0,0.0,0.0,0.0,0.0,0.0,0.0,0.0,2022-10-17 12:58:31.566000+00:00
0.0,0.0,0.0,0.0,0.0,0.0,0.0,0.0,2022-10-17 12:58:33.407000+00:00
0.0,0.0,0.0,0.0,0.0,0.0,0.0,0.0,2022-10-17 12:58:35.256000+00:00
0.0,0.0,0.0,0.0,0.0,0.0,0.0,0.0,2022-10-17 12:58:37.167000+00:00
0.0,0.0,0.0,0.0,0.0,0.0,0.0,0.0,2022-10-17 12:58:39.042000+00:00
0.0,0.0,0.0,0.0,0.0,0.0,0.0,0.0,2022-10-17 12:58:40.906000+00:00
0.0,0.0,0.0,0.0,0.0,0.0,0.0,0.0,2022-10-17 12:58:42.812000+00:00
0.0,0.0,0.0,0.0,0.0,0.0,0.0,0.0,2022-10-17 12:58:44.671000+00:00
0.0,0.0,0.0,0.0,0.0,0.0,0.0,0.0,2022-10-17 12:58:46.535000+00:00
0.0,0.0,0.0,0.0,0.0,0.0,0.0,0.0,2022-10-17 12:58:48.443000+00:00
0.0,0.0,0.0,0.0,0.0,0.0,0.0,0.0,2022-10-17 12:58:50.352000+00:00
0.0,0.0,0.0,0.0,0.0,0.0,0.0,0.0,2022-10-17 12:58:52.262000+00:00
0.0,0.0,0.0,0.0,0.0,0.0,0.0,0.0,2022-10-17 12:58:54.121000+00:00
0.0,0.0,0.0,0.0,0.0,0.0,0.0,0.0,2022-10-17 12:58:55.974000+00:00
0.0,0.0,0.0,0.0,0.0,0.0,0.0,0.0,2022-10-17 12:58:57.891000+00:00
0.0,0.0,0.0,0.0,0.0,0.0,0.0,0.0,2022-10-17 12:58:59.813000+00:00
0.0,0.0,0.0,0.0,0.0,0.0,0.0,0.0,2022-10-17 12:59:01.661000+00:00
0.0,0.0,0.0,0.0,0.0,0.0,0.0,0.0,2022-10-17 12:59:03.575000+00:00
0.0,0.0,0.0,0.0,0.0,0.0,0.0,0.0,2022-10-17 12:59:05.482000+00:00
0.0,0.0,0.0,0.0,0.0,0.0,0.0,0.0,2022-10-17 12:59:07.352000+00:00
0.0,0.0,6.69478,0.74847,0.98076,0.25809,0.02385,0.11772,2022-10-17 12:59:09.336000+00:00
7.34859,16.76331,30.20559,1.67761,4.56826,2.45189,0.05962,0.0981,2022-10-17 12:59:11.204000+00:00
1.12053,1.63416,1.15973,7.63958,6.22006,6.63302,1.93173,0.0981,2022-10-17 12:59:13.162000+00:00
3.64824,14.76015,2.95203,0.41295,3.87141,0.23228,8.09655,0.0981,2022-10-17 12:59:15.091000+00:00
0.13029,11.12283,4.84976,5.16188,5.31674,0.20648,4.91278,0.0981,2022-10-17 12:59:16.968000+00:00
4.03912,13.75857,4.79705,1.03238,6.42654,1.72923,0.16694,0.0981,2022-10-17 12:59:18.879000+00:00
2.60588,0.21086,12.17712,2.55513,3.89722,7.12339,0.35773,0.07848,2022-10-17 12:59:20.783000+00:00
2.24106,22.66737,17.13231,1.1098,1.85828,1.03238,0.36965,0.07848,2022-10-17 12:59:22.701000+00:00
4.50818,2.53031,6.58935,0.77428,0.85171,0.61943,8.0727,0.07848,2022-10-17 12:59:24.658000+00:00
0.59935,11.49183,6.58935,0.07743,0.18067,0.12905,0.17886,0.07848,2022-10-17 12:59:26.526000+00:00
0.31271,14.65472,7.16921,2.45189,1.72923,0.07743,7.50034,0.07848,2022-10-17 12:59:32.613000+00:00
1.53747,26.35741,1.37059,0.77428,2.58094,6.14264,0.50082,0.07848,2022-10-17 12:59:34.618000+00:00
3.20524,21.50764,11.3864,0.8259,2.40027,0.69685,3.55342,3.11959,2022-10-17 12:59:36.525000+00:00
0.23453,0.0,6.80021,0.64523,2.96808,0.49038,2.08674,0.8829,2022-10-17 12:59:38.474000+00:00
0.67753,4.00633,6.95836,0.77428,0.80009,0.85171,0.71545,0.07848,2022-10-17 12:59:40.442000+00:00
0.0,0.0,0.0,0.0,0.0,0.0,0.0,0.0,2022-10-17 12:59:42.316000+00:00
0.0,0.0,0.0,0.0,0.0,0.0,0.0,0.0,2022-10-17 12:59:44.209000+00:00
0.0,0.0,0.0,0.0,0.0,0.0,0.0,0.0,2022-10-17 12:59:46.119000+00:00
0.0,0.0,0.0,0.0,0.0,0.0,0.0,0.0,2022-10-17 12:59:47.992000+00:00
0.0,0.0,0.0,0.0,0.0,0.0,0.0,0.0,2022-10-17 12:59:49.867000+00:00
0.0,0.0,0.0,0.0,0.0,0.0,0.0,0.0,2022-10-17 12:59:51.731000+00:00
0.0,0.0,0.0,0.0,0.0,0.0,0.0,0.0,2022-10-17 12:59:53.597000+00:00
0.0,0.0,0.0,0.0,0.0,0.0,0.0,0.0,2022-10-17 12:59:55.458000+00:00
0.0,0.0,0.0,0.0,0.0,0.0,0.0,0.0,2022-10-17 12:59:57.367000+00:00
0.28665,4.32261,6.43121,0.64523,0.67104,0.15486,0.03577,0.05886,2022-10-17 12:59:59.317000+00:00
5.52447,2.42488,11.80812,3.51008,7.63958,8.62034,0.21464,0.03924,2022-10-17 13:00:01.299000+00:00
0.23453,18.8719,11.49183,8.12996,2.99389,0.77428,0.47697,0.0981,2022-10-17 13:00:03.257000+00:00
0.443,11.12283,2.8466,0.72266,4.20693,0.10324,3.64881,0.11772,2022-10-17 13:00:05.165000+00:00
1.14659,14.81286,1.00158,1.39371,5.26512,0.10324,8.10848,0.13734,2022-10-17 13:00:07.011000+00:00
22.07183,12.91513,4.48076,3.38103,9.16234,1.03238,0.05962,0.17658,2022-10-17 13:00:08.950000+00:00
2.86647,0.68529,2.74117,1.80666,1.21304,2.63256,1.44283,0.1962,2022-10-17 13:00:10.949000+00:00
0.67753,8.01265,0.73801,1.31628,0.85171,1.03238,7.51226,0.21582,2022-10-17 13:00:12.837000+00:00
1.25082,14.07485,0.79072,0.67104,0.30971,0.59362,8.0727,0.21582,2022-10-17 13:00:14.774000+00:00
0.39088,11.54454,1.52873,1.85828,1.39371,0.46457,6.31984,0.17658,2022-10-17 13:00:16.784000+00:00
10.65806,0.63258,11.70269,1.85828,0.15486,0.41295,7.47649,0.17658,2022-10-17 13:00:18.721000+00:00
0.33876,11.43911,6.22035,0.95495,3.27779,0.8259,0.14309,0.17658,2022-10-17 13:00:20.581000+00:00
0.18241,15.34001,7.43279,2.50351,1.67761,0.23228,4.26887,0.17658,2022-10-17 13:00:22.585000+00:00
1.38112,20.61149,22.45651,6.63302,4.02627,5.29093,0.57236,0.17658,2022-10-17 13:00:24.547000+00:00
0.78176,9.69953,11.7554,1.70342,1.67761,1.18723,3.55342,3.00187,2022-10-17 13:00:26.456000+00:00
0.20847,0.26357,5.37691,3.87141,5.80711,0.15486,1.63362,0.92214,2022-10-17 13:00:28.386000+00:00
0.15635,4.00633,6.7475,0.8259,0.80009,0.85171,0.77507,0.07848,2022-10-17 13:00:30.212000+00:00
0.26059,0.0,0.0,0.0,0.0,0.0,0.0,0.0,2022-10-17 13:00:32.059000+00:00
0.0,0.0,0.0,0.0,0.0,0.0,0.0,0.0,2022-10-17 13:00:37.431000+00:00
0.0,0.0,0.0,0.0,0.0,0.0,0.0,0.0,2022-10-17 13:00:39.364000+00:00
0.0,0.0,0.0,0.0,0.0,0.0,0.0,0.0,2022-10-17 13:00:41.192000+00:00
0.0,0.0,0.0,0.0,0.0,0.0,0.0,0.0,2022-10-17 13:00:43.035000+00:00
0.0,0.0,0.0,0.0,0.0,0.0,0.0,0.0,2022-10-17 13:00:44.890000+00:00
0.0,0.0,0.0,0.0,0.0,0.0,0.0,0.0,2022-10-17 13:00:46.803000+00:00
0.0,0.0,0.0,0.77428,0.64523,0.41295,0.03577,0.05886,2022-10-17 13:00:48.777000+00:00
7.47888,16.92146,27.56985,2.34866,4.10369,2.76161,0.08347,0.05886,2022-10-17 13:00:50.747000+00:00
1.04235,9.01423,0.10543,9.70433,5.54902,5.00702,1.6217,0.05886,2022-10-17 13:00:52.706000+00:00
3.80459,12.12441,3.05746,0.38714,3.69074,0.2839,8.09655,0.05886,2022-10-17 13:00:54.624000+00:00
0.10424,11.43911,2.79388,3.38103,5.00702,0.18067,5.50899,0.05886,2022-10-17 13:00:56.532000+00:00
1.56353,14.602,2.63574,3.63913,9.343,1.72923,0.15501,0.05886,2022-10-17 13:00:58.417000+00:00
2.91859,0.31629,10.96468,2.34866,1.47114,6.0394,0.3458,0.05886,2022-10-17 13:01:00.337000+00:00
1.51141,23.72167,15.81444,1.1098,4.3876,1.18723,0.41735,0.05886,2022-10-17 13:01:02.219000+00:00
3.28341,5.90406,6.80021,0.98076,1.03238,0.67104,8.06078,0.05886,2022-10-17 13:01:04.092000+00:00
0.49512,11.33368,6.85293,0.02581,0.2839,0.07743,0.65583,0.05886,2022-10-17 13:01:06.071000+00:00
0.39088,10.43753,24.82868,4.3876,1.03238,0.542,1.40706,0.03924,2022-10-17 13:01:07.897000+00:00
0.96418,18.23932,6.53664,0.90333,0.23228,0.0,7.50034,0.05886,2022-10-17 13:01:09.807000+00:00
2.03259,14.28571,23.72167,3.92303,1.54856,0.18067,7.51226,0.05886,2022-10-17 13:01:11.738000+00:00
1.66777,30.9436,9.64681,1.1098,0.33552,5.11026,2.25368,0.07848,2022-10-17 13:01:13.731000+00:00
0.886,19.34634,19.24091,5.05864,0.38714,0.77428,1.46668,1.23606,2022-10-17 13:01:15.596000+00:00
0.02606,4.16447,8.9088,0.07743,1.00657,1.29047,0.51274,1.29492,2022-10-17 13:01:17.608000+00:00
9.14665,4.90248,2.79388,0.46457,0.74847,0.80009,0.79892,0.0981,2022-10-17 13:01:19.516000+00:00
0.23453,3.9009,6.7475,0.74847,0.0,0.0,0.0,0.0,2022-10-17 13:01:21.474000+00:00
0.0,0.0,0.0,0.0,0.0,0.0,0.0,0.0,2022-10-17 13:01:23.355000+00:00
0.0,0.0,0.0,0.0,0.0,0.0,0.0,0.0,2022-10-17 13:01:25.245000+00:00
0.0,0.0,0.0,0.0,0.0,0.0,0.0,0.0,2022-10-17 13:01:27.096000+00:00
0.0,0.0,0.0,0.0,0.0,0.0,0.0,0.0,2022-10-17 13:01:28.968000+00:00
0.0,0.0,0.0,0.0,0.0,0.0,0.0,0.0,2022-10-17 13:01:30.847000+00:00
0.0,0.0,0.0,0.0,0.0,0.0,0.0,0.0,2022-10-17 13:01:32.722000+00:00
0.0,0.0,0.0,0.0,0.0,0.0,0.0,0.0,2022-10-17 13:01:34.654000+00:00
0.0,0.0,0.0,0.0,0.0,0.0,0.0,0.0,2022-10-17 13:01:36.526000+00:00
0.0,0.0,0.0,0.0,0.0,0.0,0.0,0.0,2022-10-17 13:01:41.974000+00:00
0.0,0.0,0.0,0.0,0.0,0.0,0.0,0.0,2022-10-17 13:01:43.886000+00:00
0.0,0.0,0.0,0.0,0.0,0.0,0.0,0.0,2022-10-17 13:01:45.698000+00:00
0.0,0.0,0.0,0.0,0.0,0.0,0.0,0.0,2022-10-17 13:01:47.578000+00:00
0.0,0.0,0.0,0.0,0.0,0.0,0.0,0.0,2022-10-17 13:01:49.484000+00:00
0.0,0.0,0.0,0.0,0.0,0.0,0.0,0.0,2022-10-17 13:01:51.348000+00:00
0.0,0.0,0.0,0.0,0.0,0.0,0.0,0.0,2022-10-17 13:01:53.270000+00:00
0.0,0.0,0.0,0.0,0.0,0.0,0.0,0.0,2022-10-17 13:01:55.129000+00:00
0.57329,0.94887,7.16921,1.39371,0.69685,0.61943,0.23848,0.07848,2022-10-17 13:01:57.062000+00:00
8.59941,29.30944,16.65788,0.49038,6.42654,4.85217,0.46504,0.07848,2022-10-17 13:01:58.948000+00:00
0.20847,11.17554,3.11017,0.2839,5.08445,0.23228,2.28945,0.07848,2022-10-17 13:02:00.919000+00:00
2.08471,28.04428,1.7923,2.60675,3.8456,0.69685,8.09655,0.07848,2022-10-17 13:02:02.847000+00:00
0.443,11.33368,3.58461,0.38714,4.56826,1.39371,0.53659,0.07848,2022-10-17 13:02:04.703000+00:00
1.85018,22.29837,3.37375,14.50488,1.16142,0.69685,0.10732,0.07848,2022-10-17 13:02:06.550000+00:00
2.05865,10.06853,14.28571,0.98076,1.72923,2.27123,0.36965,0.05886,2022-10-17 13:02:08.508000+00:00
0.18241,12.8097,7.01107,0.05162,0.56781,0.8259,2.09866,0.05886,2022-10-17 13:02:10.417000+00:00
0.23453,11.96626,7.38007,0.25809,0.72266,0.95495,1.01356,0.05886,2022-10-17 13:02:12.324000+00:00
6.22806,10.22667,7.90722,0.72266,0.18067,1.18723,1.10895,0.05886,2022-10-17 13:07:44.934000+00:00
0.0,24.5651,10.43753,2.96808,2.21961,0.72266,0.27426,0.05886,2022-10-17 13:07:46.831000+00:00
0.13029,11.64997,6.85293,0.07743,0.12905,0.30971,2.80219,0.05886,2022-10-17 13:07:48.831000+00:00
0.36482,16.34159,7.80179,4.1295,4.77474,1.54856,0.05962,0.05886,2022-10-17 13:07:50.809000+00:00
2.44953,7.53822,5.6932,0.85171,0.12905,0.02581,7.50034,0.07848,2022-10-17 13:07:52.798000+00:00
2.94465,13.23142,24.35424,4.02627,2.03894,0.18067,7.50034,0.07848,2022-10-17 13:07:54.717000+00:00
3.72641,20.34792,11.70269,0.87752,0.33552,5.72969,0.26233,0.0981,2022-10-17 13:07:56.667000+00:00
0.78176,11.12283,9.33052,0.15486,2.11637,0.56781,2.81412,1.29492,2022-10-17 13:07:58.533000+00:00
0.13029,3.63732,6.11492,0.05162,1.39371,0.8259,3.11222,1.51074,2022-10-17 13:08:00.341000+00:00
0.10424,4.11176,16.49974,4.25855,1.72923,3.43265,0.72738,0.13734,2022-10-17 13:08:02.238000+00:00
0.18241,3.95361,6.80021,0.72266,0.80009,0.77428,0.0,0.0,2022-10-17 13:08:04.113000+00:00
0.0,0.0,0.0,0.0,0.0,0.0,0.0,0.0,2022-10-17 13:08:09.606000+00:00
0.0,0.0,0.0,0.0,0.0,0.0,0.0,0.0,2022-10-17 13:08:11.543000+00:00
0.0,0.0,0.0,0.0,0.0,0.0,0.0,0.0,2022-10-17 13:08:13.408000+00:00
0.0,0.0,0.0,0.0,0.0,0.0,0.0,0.0,2022-10-17 13:08:15.268000+00:00
0.0,0.0,0.0,0.0,0.0,0.0,0.0,0.0,2022-10-17 13:08:17.178000+00:00
0.0,0.0,0.0,0.0,0.0,0.0,0.0,0.0,2022-10-17 13:08:19.025000+00:00
0.0,0.0,0.0,0.0,0.0,0.0,0.0,0.0,2022-10-17 13:08:20.944000+00:00
0.443,9.5941,4.84976,0.8259,1.03238,11.35614,0.0477,0.0981,2022-10-17 13:08:22.832000+00:00
2.63194,17.50132,7.53822,10.60766,1.9099,6.16845,0.48889,0.0981,2022-10-17 13:08:24.745000+00:00
1.04235,13.44228,5.3242,0.33552,4.87798,0.2839,8.10848,0.0981,2022-10-17 13:08:26.751000+00:00
0.36482,11.3864,2.63574,2.24542,5.36835,0.64523,8.10848,0.0981,2022-10-17 13:08:28.666000+00:00
0.57329,11.17554,3.63732,0.43876,4.59407,0.02581,1.24012,0.11772,2022-10-17 13:08:30.533000+00:00
1.38112,43.33158,6.90564,1.3679,19.33124,0.20648,0.07155,0.11772,2022-10-17 13:08:32.404000+00:00
0.28665,1.47601,25.51397,0.20648,1.26466,2.42608,0.59621,0.0981,2022-10-17 13:08:34.409000+00:00
0.72965,19.5572,6.58935,0.0,0.74847,0.87752,8.08463,0.13734,2022-10-17 13:08:36.267000+00:00
0.33876,11.91355,6.11492,1.08399,3.25198,0.10324,0.02385,0.13734,2022-10-17 13:08:38.173000+00:00
4.09124,10.80654,14.39114,0.542,0.59362,0.46457,8.0727,0.13734,2022-10-17 13:08:40.051000+00:00
1.22477,16.92146,6.95836,2.16799,0.85171,0.12905,7.48842,0.13734,2022-10-17 13:08:41.959000+00:00
0.31271,24.40696,8.01265,1.3679,5.41997,0.69685,0.0,0.13734,2022-10-17 13:08:43.923000+00:00
0.28665,11.3864,6.32578,2.24542,3.5617,1.03238,0.76315,0.11772,2022-10-17 13:08:45.886000+00:00
12.48218,1.68687,9.5941,1.85828,1.80666,1.34209,0.70353,0.11772,2022-10-17 13:08:47.752000+00:00
4.95118,3.95361,6.11492,0.20648,1.54856,0.38714,3.55342,3.35503,2022-10-17 13:08:49.638000+00:00
4.50818,2.68846,11.54454,0.49038,1.13561,0.07743,0.17886,0.17658,2022-10-17 13:08:51.537000+00:00
0.26059,4.00633,6.80021,0.80009,0.77428,0.77428,0.70353,0.13734,2022-10-17 13:08:53.484000+00:00
0.0,0.0,0.0,0.0,0.0,0.0,0.0,0.0,2022-10-17 13:08:55.349000+00:00
0.0,0.0,0.0,0.0,0.0,0.0,0.0,0.0,2022-10-17 13:08:57.227000+00:00
0.0,0.0,0.0,0.0,0.0,0.0,0.0,0.0,2022-10-17 13:08:59.097000+00:00
0.0,0.0,0.0,0.0,0.0,0.0,0.0,0.0,2022-10-17 13:09:01.001000+00:00
0.0,0.0,0.0,0.0,0.0,0.0,0.0,0.0,2022-10-17 13:09:02.851000+00:00
0.0,0.0,0.0,0.0,0.0,0.0,0.0,0.0,2022-10-17 13:09:04.764000+00:00
0.0,0.0,0.0,0.0,0.0,0.0,0.0,0.0,2022-10-17 13:09:06.637000+00:00
0.0,0.0,0.0,0.0,0.0,0.0,0.0,0.0,2022-10-17 13:09:08.524000+00:00
0.0,0.0,0.0,0.0,0.0,0.0,0.0,0.0,2022-10-17 13:09:14.046000+00:00
0.0,0.0,0.0,0.0,0.0,0.0,0.0,0.0,2022-10-17 13:09:15.862000+00:00
0.0,0.0,0.0,0.0,0.0,0.0,0.0,0.0,2022-10-17 13:09:17.728000+00:00
0.0,0.0,0.0,0.0,0.0,0.0,0.0,0.0,2022-10-17 13:09:19.613000+00:00
0.0,0.0,0.0,0.0,0.0,0.0,0.0,0.0,2022-10-17 13:09:21.471000+00:00
0.0,0.0,0.0,0.0,0.0,0.0,0.0,0.0,2022-10-17 13:09:23.420000+00:00
0.0,0.0,0.0,0.0,0.0,0.0,0.0,0.0,2022-10-17 13:09:25.358000+00:00
0.0,0.0,0.0,0.0,0.0,0.0,0.0,0.0,2022-10-17 13:09:27.237000+00:00
0.0,0.0,0.0,0.0,0.0,0.0,0.0,0.0,2022-10-17 13:09:29.154000+00:00
0.0,0.0,0.0,0.0,0.0,0.0,0.0,0.0,2022-10-17 13:09:31.030000+00:00
0.0,0.0,0.0,0.0,0.0,0.0,0.0,0.0,2022-10-17 13:09:32.957000+00:00
0.0,0.0,0.0,0.0,0.0,0.0,0.0,0.0,2022-10-17 13:09:34.837000+00:00
0.0,0.0,0.0,0.0,0.0,0.0,0.0,0.0,2022-10-17 13:09:36.733000+00:00
0.0,0.0,0.0,0.0,0.0,0.0,0.0,0.0,2022-10-17 13:09:38.671000+00:00
0.0,0.0,0.0,0.0,0.0,0.0,0.0,0.0,2022-10-17 13:09:40.593000+00:00
0.0,0.0,0.0,0.0,0.0,0.0,0.0,0.0,2022-10-17 13:09:42.477000+00:00
0.0,0.0,0.0,0.0,0.0,0.0,0.0,0.0,2022-10-17 13:09:44.373000+00:00
0.0,0.0,0.0,0.0,0.0,0.0,0.0,0.0,2022-10-17 13:09:46.253000+00:00
0.0,0.0,0.0,0.0,0.0,0.0,0.0,0.0,2022-10-17 13:09:48.128000+00:00
0.0,0.0,0.0,0.0,0.0,0.0,0.0,0.0,2022-10-17 13:09:50.005000+00:00
0.0,0.0,0.0,0.0,0.0,0.0,0.0,0.0,2022-10-17 13:09:51.853000+00:00
0.0,0.0,0.0,0.0,0.0,0.0,0.0,0.0,2022-10-17 13:09:53.739000+00:00
0.0,0.0,0.0,0.0,0.0,0.0,0.0,0.0,2022-10-17 13:09:55.619000+00:00
0.0,0.0,0.0,0.0,0.0,0.0,0.0,0.0,2022-10-17 13:09:57.534000+00:00
0.0,0.0,0.0,0.0,0.0,0.0,0.0,0.0,2022-10-17 13:09:59.408000+00:00
0.0,0.0,0.0,0.0,0.0,0.0,0.0,0.0,2022-10-17 13:10:01.291000+00:00
0.0,0.0,0.0,0.0,0.0,0.0,0.0,0.0,2022-10-17 13:10:03.196000+00:00
0.0,0.0,0.0,0.0,0.0,0.0,0.0,0.0,2022-10-17 13:10:05.091000+00:00
0.0,0.0,0.0,0.0,0.0,0.0,0.0,0.0,2022-10-17 13:10:06.939000+00:00
0.0,0.0,0.0,0.0,0.0,0.0,0.0,0.0,2022-10-17 13:10:08.822000+00:00
0.0,0.0,0.0,0.0,0.0,0.0,0.0,0.0,2022-10-17 13:10:10.662000+00:00
0.0,0.0,0.0,0.0,0.0,0.0,0.0,0.0,2022-10-17 13:10:12.498000+00:00
0.0,0.0,0.0,0.0,0.0,0.0,0.0,0.0,2022-10-17 13:10:18.488000+00:00
0.0,0.0,0.0,0.0,0.0,0.0,0.0,0.0,2022-10-17 13:10:20.371000+00:00
0.0,0.0,0.0,0.0,0.0,0.0,0.0,0.0,2022-10-17 13:10:22.259000+00:00
0.0,0.0,0.0,0.0,0.0,0.0,0.0,0.0,2022-10-17 13:10:24.197000+00:00
0.0,0.0,0.0,0.0,0.0,0.0,0.0,0.0,2022-10-17 13:10:26.003000+00:00
0.0,0.0,0.0,0.0,0.0,0.0,0.0,0.0,2022-10-17 13:10:27.879000+00:00
0.0,0.0,0.0,0.0,0.0,0.0,0.0,0.0,2022-10-17 13:10:29.717000+00:00
0.0,0.0,0.0,0.0,0.0,0.0,0.0,0.0,2022-10-17 13:10:31.635000+00:00
0.0,0.0,0.0,0.0,0.0,0.0,0.0,0.0,2022-10-17 13:10:33.558000+00:00
0.0,0.0,0.0,0.0,0.0,0.0,0.0,0.0,2022-10-17 13:10:35.438000+00:00
0.0,0.0,0.0,0.0,0.0,0.0,0.0,0.0,2022-10-17 13:10:37.318000+00:00
0.0,0.0,0.0,0.0,0.0,0.0,0.0,0.0,2022-10-17 13:10:39.146000+00:00
0.0,0.0,0.0,0.0,0.0,0.0,0.0,0.0,2022-10-17 13:10:40.995000+00:00
0.0,0.0,0.0,0.0,0.0,0.0,0.0,0.0,2022-10-17 13:10:42.917000+00:00
0.0,0.0,0.0,0.0,0.0,0.0,0.0,0.0,2022-10-17 13:10:44.745000+00:00
0.0,0.0,0.0,0.0,0.0,0.0,0.0,0.0,2022-10-17 13:10:46.612000+00:00
0.0,0.0,0.0,0.0,0.0,0.0,0.0,0.0,2022-10-17 13:10:48.536000+00:00
0.0,0.0,0.0,0.0,0.0,0.0,0.0,0.0,2022-10-17 13:10:50.458000+00:00
0.0,0.0,0.0,0.0,0.0,0.0,0.0,0.0,2022-10-17 13:10:52.392000+00:00
0.0,0.0,0.0,0.0,0.0,0.0,0.0,0.0,2022-10-17 13:10:54.276000+00:00
0.0,0.0,0.0,0.0,0.0,0.0,0.0,0.0,2022-10-17 13:10:56.140000+00:00
0.0,0.0,0.0,0.0,0.0,0.0,0.0,0.0,2022-10-17 13:10:57.956000+00:00
0.0,0.0,0.0,0.0,0.0,0.0,0.0,0.0,2022-10-17 13:10:59.777000+00:00
0.0,0.0,0.0,0.0,0.0,0.0,0.0,0.0,2022-10-17 13:11:01.704000+00:00
0.0,0.0,0.0,0.0,0.0,0.0,0.0,0.0,2022-10-17 13:11:03.641000+00:00
0.0,0.0,0.0,0.0,0.0,0.0,0.0,0.0,2022-10-17 13:11:05.517000+00:00
0.0,0.0,0.0,0.0,0.0,0.0,0.0,0.0,2022-10-17 13:11:07.444000+00:00
0.0,0.0,0.0,0.0,0.0,0.0,0.0,0.0,2022-10-17 13:11:09.303000+00:00
0.0,0.0,0.0,0.0,0.0,0.0,0.0,0.0,2022-10-17 13:11:11.137000+00:00
0.0,0.0,0.0,0.0,0.0,0.0,0.0,0.0,2022-10-17 13:11:13.006000+00:00
0.0,0.0,0.0,0.0,0.0,0.0,0.0,0.0,2022-10-17 13:11:14.836000+00:00
0.0,0.0,0.0,0.0,0.0,0.0,0.0,0.0,2022-10-17 13:11:16.694000+00:00
0.0,0.0,0.0,0.0,0.0,0.0,0.0,0.0,2022-10-17 13:11:23.064000+00:00
0.0,0.0,0.0,0.0,0.0,0.0,0.0,0.0,2022-10-17 13:11:24.991000+00:00
0.0,0.0,0.0,0.0,0.0,0.0,0.0,0.0,2022-10-17 13:11:26.920000+00:00
0.0,0.0,0.0,0.0,0.0,0.0,0.0,0.0,2022-10-17 13:11:28.795000+00:00
0.0,0.0,0.0,0.0,0.0,0.0,0.0,0.0,2022-10-17 13:11:30.705000+00:00
0.0,0.0,0.0,0.0,0.0,0.0,0.0,0.0,2022-10-17 13:11:32.636000+00:00
0.0,0.0,0.0,0.0,0.0,0.0,0.0,0.0,2022-10-17 13:11:34.465000+00:00
0.0,0.0,0.0,0.0,0.0,0.0,0.0,0.0,2022-10-17 13:11:36.335000+00:00
0.0,0.0,0.0,0.0,0.0,0.0,0.0,0.0,2022-10-17 13:11:38.265000+00:00
0.0,0.0,0.0,0.0,0.0,0.0,0.0,0.0,2022-10-17 13:11:40.140000+00:00
0.0,0.0,0.0,0.0,0.0,0.0,0.0,0.0,2022-10-17 13:11:41.957000+00:00
0.0,0.0,0.0,0.0,0.0,0.0,0.0,0.0,2022-10-17 13:11:43.849000+00:00
0.0,0.0,0.0,0.0,0.0,0.0,0.0,0.0,2022-10-17 13:11:45.775000+00:00
0.15635,10.64839,8.85609,1.13561,1.54856,3.63913,0.01192,0.0981,2022-10-17 13:11:47.732000+00:00
1.27688,20.34792,14.12757,6.78787,5.57483,4.05208,0.4412,0.0981,2022-10-17 13:11:49.670000+00:00
1.43324,10.43753,3.05746,0.30971,5.00702,0.2839,8.10848,0.0981,2022-10-17 13:11:51.606000+00:00
0.39088,7.06379,1.31787,2.70999,5.2135,0.85171,8.10848,0.0981,2022-10-17 13:11:53.526000+00:00
0.49512,11.17554,3.47918,0.38714,4.61988,0.05162,0.7393,0.0981,2022-10-17 13:11:55.392000+00:00
0.15635,37.7438,5.90406,3.66493,7.17501,0.77428,0.07155,0.07848,2022-10-17 13:11:57.302000+00:00
0.26059,9.33052,16.97417,0.41295,1.57437,2.70999,0.3458,0.0981,2022-10-17 13:11:59.298000+00:00
0.10424,11.22826,7.06379,0.15486,0.56781,0.77428,3.26724,0.07848,2022-10-17 13:12:01.228000+00:00
0.31271,11.86083,6.11492,0.36133,0.98076,0.49038,0.23848,0.07848,2022-10-17 13:12:03.186000+00:00
0.28665,15.55087,6.64207,0.20648,0.43876,0.41295,8.0727,0.07848,2022-10-17 13:12:05.114000+00:00
0.36482,10.96468,6.7475,2.21961,0.92914,0.8259,0.57236,0.07848,2022-10-17 13:12:07.079000+00:00
0.67753,3.53189,11.7554,2.37446,6.45235,2.7358,0.15501,0.07848,2022-10-17 13:12:09.063000+00:00
0.07818,22.87823,12.12441,2.29704,0.51619,1.29047,0.23848,0.07848,2022-10-17 13:12:11.049000+00:00
3.85671,7.69636,3.9009,0.07743,11.04642,3.43265,0.22656,0.92214,2022-10-17 13:12:12.990000+00:00
0.05212,4.42804,6.22035,0.542,0.87752,0.2839,5.09165,4.37527,2022-10-17 13:12:14.883000+00:00
0.02606,4.00633,6.7475,0.0,1.9099,0.05162,0.62006,0.15696,2022-10-17 13:12:16.763000+00:00
0.26059,3.95361,6.7475,0.74847,0.77428,0.77428,0.57236,0.11772,2022-10-17 13:12:18.722000+00:00
0.0,0.0,0.0,0.0,0.0,0.0,0.0,0.0,2022-10-17 13:12:20.612000+00:00
0.0,0.0,0.0,0.0,0.0,0.0,0.0,0.0,2022-10-17 13:12:22.440000+00:00
0.0,0.0,0.0,0.0,0.0,0.0,0.0,0.0,2022-10-17 13:12:27.784000+00:00
0.0,0.0,0.0,0.0,0.0,0.0,0.0,0.0,2022-10-17 13:12:29.628000+00:00
0.0,0.0,0.0,0.0,0.0,0.0,0.0,0.0,2022-10-17 13:12:31.462000+00:00
0.0,0.0,0.0,0.0,0.0,0.0,0.0,0.0,2022-10-17 13:12:33.320000+00:00
0.0,0.0,0.0,0.0,0.0,0.0,0.0,0.0,2022-10-17 13:12:35.227000+00:00
0.0,0.0,0.0,0.0,0.0,0.0,0.01192,0.11772,2022-10-17 13:12:37.164000+00:00
0.36482,2.79388,6.37849,2.1938,16.36316,0.15486,0.23848,0.07848,2022-10-17 13:12:39.134000+00:00
2.39741,8.9088,5.16605,1.16142,11.20128,1.1098,0.48889,0.05886,2022-10-17 13:12:41.091000+00:00
0.80782,11.33368,4.05904,5.4974,3.40684,1.18723,0.52467,0.07848,2022-10-17 13:12:43.048000+00:00
0.15635,11.49183,3.9009,1.41952,3.97465,0.77428,1.55015,0.07848,2022-10-17 13:12:44.962000+00:00
0.31271,7.59093,1.89773,1.67761,4.49084,1.21304,0.10732,0.07848,2022-10-17 13:12:46.874000+00:00
3.57006,0.52715,13.02056,0.33552,4.56826,0.92914,0.29811,0.05886,2022-10-17 13:12:48.884000+00:00
6.69712,2.37217,8.5398,0.61943,1.60018,1.49695,1.28782,0.07848,2022-10-17 13:12:50.842000+00:00
0.23453,25.14497,11.86083,2.76161,2.06475,0.98076,1.1805,0.07848,2022-10-17 13:12:52.727000+00:00
1.06841,16.07802,6.64207,0.0,0.07743,0.23228,8.06078,0.05886,2022-10-17 13:12:54.597000+00:00
0.36482,11.0174,0.26357,0.80009,0.15486,0.64523,0.58429,0.07848,2022-10-17 13:12:56.546000+00:00
0.41694,0.57986,0.21086,1.96151,0.98076,0.05162,7.51226,0.05886,2022-10-17 13:12:58.423000+00:00
3.15312,15.91987,5.21877,2.70999,2.03894,0.85171,1.40706,0.07848,2022-10-17 13:13:00.331000+00:00
2.84041,6.11492,13.96943,3.81979,2.03894,2.37446,0.02385,0.07848,2022-10-17 13:13:02.164000+00:00
2.26712,9.17238,24.35424,0.61943,4.15531,13.83384,0.4412,1.4715,2022-10-17 13:13:04.087000+00:00
0.15635,4.21719,6.16763,0.02581,0.85171,0.542,1.80056,1.2753,2022-10-17 13:13:05.983000+00:00
0.18241,4.00633,7.16921,0.0,1.78085,19.02153,0.69161,0.13734,2022-10-17 13:13:07.929000+00:00
0.20847,3.9009,6.80021,0.77428,0.72266,0.77428,0.63198,0.11772,2022-10-17 13:13:09.900000+00:00
0.0,0.0,0.0,0.0,0.0,0.0,0.0,0.0,2022-10-17 13:13:11.789000+00:00
0.0,0.0,0.0,0.0,0.0,0.0,0.0,0.0,2022-10-17 13:13:13.727000+00:00
0.0,0.0,0.0,0.0,0.0,0.0,0.0,0.0,2022-10-17 13:13:15.648000+00:00
0.0,0.0,0.0,0.0,0.0,0.0,0.0,0.0,2022-10-17 13:13:17.586000+00:00
0.0,0.0,0.0,0.0,0.0,0.0,0.0,0.0,2022-10-17 13:13:19.418000+00:00
0.0,0.0,0.0,0.0,0.0,0.0,0.0,0.0,2022-10-17 13:13:21.332000+00:00
0.0,0.0,0.0,0.0,0.0,0.0,0.0,0.0,2022-10-17 13:13:23.242000+00:00
0.0,0.0,0.0,0.0,0.0,0.0,0.0,0.0,2022-10-17 13:13:25.102000+00:00
0.0,0.0,0.0,0.0,0.0,0.0,0.0,0.07848,2022-10-17 13:13:27.009000+00:00
1.329,11.0174,3.05746,0.36133,5.03283,0.2839,8.09655,0.11772,2022-10-17 13:13:32.534000+00:00
1.35506,25.72483,1.15973,1.3679,3.97465,0.8259,8.09655,0.11772,2022-10-17 13:13:34.565000+00:00
0.49512,11.28097,3.47918,0.30971,4.61988,1.21304,0.07155,0.11772,2022-10-17 13:13:36.519000+00:00
2.97071,18.81919,6.7475,12.28527,6.5814,0.64523,0.16694,0.11772,2022-10-17 13:13:38.409000+00:00
5.81112,0.47443,10.70111,1.21304,0.07743,0.92914,0.22656,0.11772,2022-10-17 13:13:40.409000+00:00
0.28665,11.80812,6.58935,0.15486,2.40027,0.74847,0.25041,0.11772,2022-10-17 13:13:42.333000+00:00
0.26059,13.28413,8.96152,0.72266,0.8259,0.30971,8.08463,0.11772,2022-10-17 13:13:44.231000+00:00
0.23453,11.43911,6.58935,0.18067,0.61943,0.36133,1.75286,0.11772,2022-10-17 13:13:46.160000+00:00
0.33876,10.91197,6.37849,2.16799,3.53589,1.57437,1.4786,0.11772,2022-10-17 13:13:48.065000+00:00
